FILE_REF,NAME,NAME_TC,ADDRESS,ADDRESS_TC,DISTRICT,DATA_OWNER,DISTRIC_TC,DEC_YEAR,DEC_YE_TC,FILEREF_TC,DETAIL,DETAIL_TC,DATASET,DATASET_TC,URL_IMAGE
AM77-0015,Rock Carvings on Po Toi,蒲台石刻,"Po Toi, New Territories",新界蒲台,Islands,AMO,離島區,1979,1979,AM77-0015,https://www.amo.gov.hk/en/historic-buildings/monuments/outlying-islands/monuments_06/index.html,https://www.amo.gov.hk/tc/historic-buildings/monuments/outlying-islands/monuments_06/index.html,Declared Monuments with Images,法定古蹟(含照片),https://gish.amo.gov.hk/internet/linktoimages/GetImageList?FILE_REF=AM77-0015
AM78-0238(01),"Site of Chinese Customs Station, Fat Tau Chau",佛頭洲稅關遺址,"Fat Tau Chau, Sai Kung, New Territories",新界西貢佛頭洲,Sai Kung,AMO,西貢區,1983,1983,AM78-0238(01),https://www.amo.gov.hk/en/historic-buildings/monuments/new-territories/monuments_18/index.html,https://www.amo.gov.hk/tc/historic-buildings/monuments/new-territories/monuments_18/index.html,Declared Monuments with Images,法定古蹟(含照片),https://gish.amo.gov.hk/internet/linktoimages/GetImageList?FILE_REF=AM78-0238(01)
AM77-0017,Rock Carvings on Cheung Chau,長洲石刻,"Tung Wan, Cheung Chau, New Territories",新界長洲東灣,Islands,AMO,離島區,1982,1982,AM77-0017,https://www.amo.gov.hk/en/historic-buildings/monuments/outlying-islands/monuments_14/index.html,https://www.amo.gov.hk/tc/historic-buildings/monuments/outlying-islands/monuments_14/index.html,Declared Monuments with Images,法定古蹟(含照片),https://gish.amo.gov.hk/internet/linktoimages/GetImageList?FILE_REF=AM77-0017
AM77-0016,Rock Carving at Big Wave Bay,大浪灣石刻,"Big Wave Bay, Hong Kong",香港大浪灣,Southern,AMO,南區,1978,1978,AM77-0016,https://www.amo.gov.hk/en/historic-buildings/monuments/hong-kong-island/monuments_01/index.html,https://www.amo.gov.hk/tc/historic-buildings/monuments/hong-kong-island/monuments_01/index.html,Declared Monuments with Images,法定古蹟(含照片),https://gish.amo.gov.hk/internet/linktoimages/GetImageList?FILE_REF=AM77-0016
AM77-0091,Lei Cheng Uk Han Tomb,李鄭屋漢墓,"Lei Cheng Uk Estate, Sham Shui Po, Kowloon",九龍深水李鄭屋邨,Sham Shui Po,AMO,深水埗區,1988,1988,AM77-0091,https://www.amo.gov.hk/en/historic-buildings/monuments/kowloon/monuments_35/index.html,https://www.amo.gov.hk/tc/historic-buildings/monuments/kowloon/monuments_35/index.html,Declared Monuments with Images,法定古蹟(含照片),https://gish.amo.gov.hk/internet/linktoimages/GetImageList?FILE_REF=AM77-0091
AM77-0013,Rock Carving at Shek Pik,石壁石刻,"Shek Pik, Lantau Island, New Territories",新界大嶼山石壁,Islands,AMO,離島區,1979,1979,AM77-0013,https://www.amo.gov.hk/en/historic-buildings/monuments/outlying-islands/monuments_05/index.html,https://www.amo.gov.hk/tc/historic-buildings/monuments/outlying-islands/monuments_05/index.html,Declared Monuments with Images,法定古蹟(含照片),https://gish.amo.gov.hk/internet/linktoimages/GetImageList?FILE_REF=AM77-0013
AM77-0018,Rock Carving on Tung Lung Chau,東龍洲石刻,"Tung Lung Chau, Sai Kung, New Territories",新界西貢東龍洲,Sai Kung,AMO,西貢區,1979,1979,AM77-0018,https://www.amo.gov.hk/en/historic-buildings/monuments/new-territories/monuments_03/index.html,https://www.amo.gov.hk/tc/historic-buildings/monuments/new-territories/monuments_03/index.html,Declared Monuments with Images,法定古蹟(含照片),https://gish.amo.gov.hk/internet/linktoimages/GetImageList?FILE_REF=AM77-0018
AM98-0936,Pottery Kilns at Wun Yiu Village,碗窰村碗窰,"Sheung Wun Yiu Village, Tai Po, New Territories",新界大埔上碗窰村,Tai Po,AMO,大埔區,1983,1983,AM98-0936,https://www.amo.gov.hk/en/historic-buildings/monuments/new-territories/monuments_20/index.html,https://www.amo.gov.hk/tc/historic-buildings/monuments/new-territories/monuments_20/index.html,Declared Monuments with Images,法定古蹟(含照片),https://gish.amo.gov.hk/internet/linktoimages/GetImageList?FILE_REF=AM98-0936
AM81-0280,Tung Chung Battery,東涌小炮台,"Tung Chung, Lantau Island, New Territories",新界大嶼山東涌,Islands,AMO,離島區,1983,1983,AM81-0280,https://www.amo.gov.hk/en/historic-buildings/monuments/outlying-islands/monuments_22/index.html,https://www.amo.gov.hk/tc/historic-buildings/monuments/outlying-islands/monuments_22/index.html,Declared Monuments with Images,法定古蹟(含照片),https://gish.amo.gov.hk/internet/linktoimages/GetImageList?FILE_REF=AM81-0280
AM77-0019,Rock Carving on Kau Sai Chau,滘西洲石刻,"Kau Sai Chau, Sai Kung, New Territories",新界西貢滘西洲,Sai Kung,AMO,西貢區,1979,1979,AM77-0019,https://www.amo.gov.hk/en/historic-buildings/monuments/new-territories/monuments_02/index.html,https://www.amo.gov.hk/tc/historic-buildings/monuments/new-territories/monuments_02/index.html,Declared Monuments with Images,法定古蹟(含照片),https://gish.amo.gov.hk/internet/linktoimages/GetImageList?FILE_REF=AM77-0019
AM77-0063,Tung Chung Fort,東涌炮台,"Tung Chung, Lantau Island, New Territories",新界大嶼山東涌,Islands,AMO,離島區,1979,1979,AM77-0063,https://www.amo.gov.hk/en/historic-buildings/monuments/outlying-islands/monuments_07/index.html,https://www.amo.gov.hk/tc/historic-buildings/monuments/outlying-islands/monuments_07/index.html,Declared Monuments with Images,法定古蹟(含照片),https://gish.amo.gov.hk/internet/linktoimages/GetImageList?FILE_REF=AM77-0063
AM77-0073,Tung Lung Fort,東龍洲炮台,"Tung Lung Chau, Sai Kung, New Territories",新界西貢東龍洲,Sai Kung,AMO,西貢區,1980,1980,AM77-0073,https://www.amo.gov.hk/en/historic-buildings/monuments/new-territories/monuments_09/index.html,https://www.amo.gov.hk/tc/historic-buildings/monuments/new-territories/monuments_09/index.html,Declared Monuments with Images,法定古蹟(含照片),https://gish.amo.gov.hk/internet/linktoimages/GetImageList?FILE_REF=AM77-0073
AM80-0263,Stone Circle at Fan Lau,分流石圓環,"Fan Lau, Lantau Island, New Territories",新界大嶼山分流,Islands,AMO,離島區,1983,1983,AM80-0263,https://www.amo.gov.hk/en/historic-buildings/monuments/outlying-islands/monuments_21/index.html,https://www.amo.gov.hk/tc/historic-buildings/monuments/outlying-islands/monuments_21/index.html,Declared Monuments with Images,法定古蹟(含照片),https://gish.amo.gov.hk/internet/linktoimages/GetImageList?FILE_REF=AM80-0263
AM78-0217(02),Sheung Yiu Kiln,上窰村窰址,"Pak Tam Chung, Sai Kung, New Territories",新界西貢北潭涌,Sai Kung,AMO,西貢區,1981,1981,AM78-0217(02),https://www.amo.gov.hk/en/historic-buildings/monuments/new-territories/monuments_13/index.html,https://www.amo.gov.hk/tc/historic-buildings/monuments/new-territories/monuments_13/index.html,Declared Monuments with Images,法定古蹟(含照片),https://gish.amo.gov.hk/internet/linktoimages/GetImageList?FILE_REF=AM78-0217(02)
AM96-0764,Remnants of the South Gate of Kowloon Walled City,九龍寨城南門遺蹟,"Kowloon Walled City Park, Kowloon City, Kowloon",九龍九龍城九龍寨城公園,Kowloon City,AMO,九龍城區,1996,1996,AM96-0764,https://www.amo.gov.hk/en/historic-buildings/monuments/kowloon/monuments_62/index.html,https://www.amo.gov.hk/tc/historic-buildings/monuments/kowloon/monuments_62/index.html,Declared Monuments with Images,法定古蹟(含照片),https://gish.amo.gov.hk/internet/linktoimages/GetImageList?FILE_REF=AM96-0764
AM80-0278,Rock Carving at Lung Ha Wan,龍蝦灣石刻,"Lung Ha Wan, Sai Kung, New Territories",新界西貢龍蝦灣,Sai Kung,AMO,西貢區,1983,1983,AM80-0278,https://www.amo.gov.hk/en/historic-buildings/monuments/new-territories/monuments_16/index.html,https://www.amo.gov.hk/tc/historic-buildings/monuments/new-territories/monuments_16/index.html,Declared Monuments with Images,法定古蹟(含照片),https://gish.amo.gov.hk/internet/linktoimages/GetImageList?FILE_REF=AM80-0278
AM83-0307,Rock Carvings at Wong Chuk Hang,黃竹坑石刻,"Wong Chuk Hang, South District, Hong Kong",香港南區黃竹坑,Southern,AMO,南區,1984,1984,AM83-0307,https://www.amo.gov.hk/en/historic-buildings/monuments/hong-kong-island/monuments_28/index.html,https://www.amo.gov.hk/tc/historic-buildings/monuments/hong-kong-island/monuments_28/index.html,Declared Monuments with Images,法定古蹟(含照片),https://gish.amo.gov.hk/internet/linktoimages/GetImageList?FILE_REF=AM83-0307
AM78-0200,Fan Lau Fort,分流炮台,"Fan Lau, Lantau Island, New Territories",新界大嶼山分流,Islands,AMO,離島區,1981,1981,AM78-0200,https://www.amo.gov.hk/en/historic-buildings/monuments/outlying-islands/monuments_11/index.html,https://www.amo.gov.hk/tc/historic-buildings/monuments/outlying-islands/monuments_11/index.html,Declared Monuments with Images,法定古蹟(含照片),https://gish.amo.gov.hk/internet/linktoimages/GetImageList?FILE_REF=AM78-0200
AM18-0001/A,Rock Carving at Cape Collinson,黑角頭石刻,"Cape Collinson, Chai Wan, Hong Kong",柴灣歌連臣角,Eastern,AMO,東區,2019,2019,AM18-0001/A,https://www.amo.gov.hk/en/historic-buildings/monuments/hong-kong-island/monuments_121/index.html,https://www.amo.gov.hk/tc/historic-buildings/monuments/hong-kong-island/monuments_121/index.html,Declared Monuments with Images,法定古蹟(含照片),https://gish.amo.gov.hk/internet/linktoimages/GetImageList?FILE_REF=AM18-0001/A
AM94-0561(01),"Tai Tam Byewash Reservoir, Dam",大潭副水塘水壩,"Tai Tam Reservoir Road, Tai Tam, Hong Kong",香港大潭大潭水塘道,Southern,AMO,南區,2009,2009,AM94-0561(01),https://www.amo.gov.hk/en/historic-buildings/monuments/hong-kong-island/monuments_88/index.html,https://www.amo.gov.hk/tc/historic-buildings/monuments/hong-kong-island/monuments_88/index.html,Declared Monuments with Images,法定古蹟(含照片),https://gish.amo.gov.hk/internet/linktoimages/GetImageList?FILE_REF=AM94-0561(01)
AM94-0564(02),Tai Tam Tuk Raw Water Pumping Station,大潭篤原水抽水站,"Tai Tam Reservoir Road, Tai Tam, Hong Kong",香港大潭大潭水塘道,Southern,AMO,南區,2009,2009,AM94-0564(02),https://www.amo.gov.hk/en/historic-buildings/monuments/hong-kong-island/monuments_88/index.html,https://www.amo.gov.hk/tc/historic-buildings/monuments/hong-kong-island/monuments_88/index.html,Declared Monuments with Images,法定古蹟(含照片),https://gish.amo.gov.hk/internet/linktoimages/GetImageList?FILE_REF=AM94-0564(02)
AM01-1642,Hong Kong City Hall,香港大會堂,"No. 5 Edinburgh Place, Central, Hong Kong",香港中環愛丁堡廣場5號,Central and Western,AMO,中西區,2022,2022,AM01-1642,https://www.amo.gov.hk/en/historic-buildings/monuments/hong-kong-island/monuments_132/index.html,https://www.amo.gov.hk/tc/historic-buildings/monuments/hong-kong-island/monuments_132/index.html,Declared Monuments with Images,法定古蹟(含照片),https://gish.amo.gov.hk/internet/linktoimages/GetImageList?FILE_REF=AM01-1642
AM94-0563(02),"Tai Tam Tuk Reservoir, Memorial Stone",大潭篤水塘紀念碑,"Tai Tam Reservoir Road, Tai Tam, Hong Kong",香港大潭大潭水塘道,Southern,AMO,南區,2009,2009,AM94-0563(02),https://www.amo.gov.hk/en/historic-buildings/monuments/hong-kong-island/monuments_88/index.html,https://www.amo.gov.hk/tc/historic-buildings/monuments/hong-kong-island/monuments_88/index.html,Declared Monuments with Images,法定古蹟(含照片),https://gish.amo.gov.hk/internet/linktoimages/GetImageList?FILE_REF=AM94-0563(02)
AM94-0565(03),"Wong Nai Chung Reservoir, Weir",黃泥涌水塘溢流口,"Tai Tam Reservoir Road, Wong Nai Chung, Hong Kong",香港黃泥涌大潭水塘道,Southern,AMO,南區,2009,2009,AM94-0565(03),https://www.amo.gov.hk/en/historic-buildings/monuments/hong-kong-island/monuments_89/index.html,https://www.amo.gov.hk/tc/historic-buildings/monuments/hong-kong-island/monuments_89/index.html,Declared Monuments with Images,法定古蹟(含照片),https://gish.amo.gov.hk/internet/linktoimages/GetImageList?FILE_REF=AM94-0565(03)
AM94-0565(01),"Wong Nai Chung Reservoir, Dam",黃泥涌水塘水壩,"Tai Tam Reservoir Road, Wong Nai Chung, Hong Kong",香港黃泥涌大潭水塘道,Southern,AMO,南區,2009,2009,AM94-0565(01),https://www.amo.gov.hk/en/historic-buildings/monuments/hong-kong-island/monuments_89/index.html,https://www.amo.gov.hk/tc/historic-buildings/monuments/hong-kong-island/monuments_89/index.html,Declared Monuments with Images,法定古蹟(含照片),https://gish.amo.gov.hk/internet/linktoimages/GetImageList?FILE_REF=AM94-0565(01)
AM94-0565(02),"Wong Nai Chung Reservoir, Valve House",黃泥涌水塘水掣房,"Tai Tam Reservoir Road, Wong Nai Chung, Hong Kong",香港黃泥涌大潭水塘道,Southern,AMO,南區,2009,2009,AM94-0565(02),https://www.amo.gov.hk/en/historic-buildings/monuments/hong-kong-island/monuments_89/index.html,https://www.amo.gov.hk/tc/historic-buildings/monuments/hong-kong-island/monuments_89/index.html,Declared Monuments with Images,法定古蹟(含照片),https://gish.amo.gov.hk/internet/linktoimages/GetImageList?FILE_REF=AM94-0565(02)
AM94-0560(02),"Tai Tam Upper Reservoir, Masonry Aqueduct",大潭上水塘石砌輸水道,"Tai Tam Reservoir Road, Tai Tam, Hong Kong",香港大潭大潭水塘道,Southern,AMO,南區,2009,2009,AM94-0560(02),https://www.amo.gov.hk/en/historic-buildings/monuments/hong-kong-island/monuments_88/index.html,https://www.amo.gov.hk/tc/historic-buildings/monuments/hong-kong-island/monuments_88/index.html,Declared Monuments with Images,法定古蹟(含照片),https://gish.amo.gov.hk/internet/linktoimages/GetImageList?FILE_REF=AM94-0560(02)
AM01-1645,Yan Tun Kong Study Hall,仁敦岡書室,"Hang Tau Tsuen, Ping Shan, Yuen Long, New Territories",新界元朗屏山坑頭村,Yuen Long,AMO,元朗區,2009,2009,AM01-1645,https://www.amo.gov.hk/en/historic-buildings/monuments/new-territories/monuments_94/index.html,https://www.amo.gov.hk/tc/historic-buildings/monuments/new-territories/monuments_94/index.html,Declared Monuments with Images,法定古蹟(含照片),https://gish.amo.gov.hk/internet/linktoimages/GetImageList?FILE_REF=AM01-1645
AM94-0563(01),"Tai Tam Tuk Reservoir, Dam",大潭篤水塘水壩,"Tai Tam Reservoir Road, Tai Tam, Hong Kong",香港大潭大潭水塘道,Southern,AMO,南區,2009,2009,AM94-0563(01),https://www.amo.gov.hk/en/historic-buildings/monuments/hong-kong-island/monuments_88/index.html,https://www.amo.gov.hk/tc/historic-buildings/monuments/hong-kong-island/monuments_88/index.html,Declared Monuments with Images,法定古蹟(含照片),https://gish.amo.gov.hk/internet/linktoimages/GetImageList?FILE_REF=AM94-0563(01)
AM94-0563(03),"Tai Tam Tuk Reservoir, Valve House",大潭篤水塘水掣房,"Tai Tam Reservoir Road, Tai Tam, Hong Kong",香港大潭大潭水塘道,Southern,AMO,南區,2009,2009,AM94-0563(03),https://www.amo.gov.hk/en/historic-buildings/monuments/hong-kong-island/monuments_88/index.html,https://www.amo.gov.hk/tc/historic-buildings/monuments/hong-kong-island/monuments_88/index.html,Declared Monuments with Images,法定古蹟(含照片),https://gish.amo.gov.hk/internet/linktoimages/GetImageList?FILE_REF=AM94-0563(03)
AM94-0581(02),"Tai Tam Tuk Reservoir, Masonry Bridge",大潭篤水塘石橋,"Tai Tam Reservoir Road, Tai Tam, Hong Kong",香港大潭大潭水塘道,Southern,AMO,南區,2009,2009,AM94-0581(02),https://www.amo.gov.hk/en/historic-buildings/monuments/hong-kong-island/monuments_88/index.html,https://www.amo.gov.hk/tc/historic-buildings/monuments/hong-kong-island/monuments_88/index.html,Declared Monuments with Images,法定古蹟(含照片),https://gish.amo.gov.hk/internet/linktoimages/GetImageList?FILE_REF=AM94-0581(02)
AM94-0581(01),"Tai Tam Tuk Reservoir, Masonry Bridge",大潭篤水塘石橋,"Tai Tam Reservoir Road, Tai Tam, Hong Kong",香港大潭大潭水塘道,Southern,AMO,南區,2009,2009,AM94-0581(01),https://www.amo.gov.hk/en/historic-buildings/monuments/hong-kong-island/monuments_88/index.html,https://www.amo.gov.hk/tc/historic-buildings/monuments/hong-kong-island/monuments_88/index.html,Declared Monuments with Images,法定古蹟(含照片),https://gish.amo.gov.hk/internet/linktoimages/GetImageList?FILE_REF=AM94-0581(01)
AM94-0581(03),"Tai Tam Tuk Reservoir, Masonry Bridge",大潭篤水塘石橋,"Tai Tam Reservoir Road, Tai Tam, Hong Kong",香港大潭大潭水塘道,Southern,AMO,南區,2009,2009,AM94-0581(03),https://www.amo.gov.hk/en/historic-buildings/monuments/hong-kong-island/monuments_88/index.html,https://www.amo.gov.hk/tc/historic-buildings/monuments/hong-kong-island/monuments_88/index.html,Declared Monuments with Images,法定古蹟(含照片),https://gish.amo.gov.hk/internet/linktoimages/GetImageList?FILE_REF=AM94-0581(03)
AM94-0581(04),"Tai Tam Tuk Reservoir, Masonry Bridge",大潭篤水塘石橋,"Tai Tam Reservoir Road, Tai Tam, Hong Kong",香港大潭大潭水塘道,Southern,AMO,南區,2009,2009,AM94-0581(04),https://www.amo.gov.hk/en/historic-buildings/monuments/hong-kong-island/monuments_88/index.html,https://www.amo.gov.hk/tc/historic-buildings/monuments/hong-kong-island/monuments_88/index.html,Declared Monuments with Images,法定古蹟(含照片),https://gish.amo.gov.hk/internet/linktoimages/GetImageList?FILE_REF=AM94-0581(04)
AM94-0564(04),Tai Tam Tuk Raw Water Pumping Station No. 2 Staff Quarters,大潭篤原水抽水站第2號員工宿舍,"Tai Tam Reservoir Road, Tai Tam, Hong Kong",香港大潭大潭水塘道,Southern,AMO,南區,2009,2009,AM94-0564(04),https://www.amo.gov.hk/en/historic-buildings/monuments/hong-kong-island/monuments_88/index.html,https://www.amo.gov.hk/tc/historic-buildings/monuments/hong-kong-island/monuments_88/index.html,Declared Monuments with Images,法定古蹟(含照片),https://gish.amo.gov.hk/internet/linktoimages/GetImageList?FILE_REF=AM94-0564(04)
AM94-0566(08),"Aberdeen Upper Reservoir, Valve House",香港仔上水塘水掣房,"Aberdeen Reservoir Road, Aberdeen, Hong Kong",香港香港仔香港仔水塘道,Southern,AMO,南區,2009,2009,AM94-0566(08),https://www.amo.gov.hk/en/historic-buildings/monuments/hong-kong-island/monuments_90/index.html,https://www.amo.gov.hk/tc/historic-buildings/monuments/hong-kong-island/monuments_90/index.html,Declared Monuments with Images,法定古蹟(含照片),https://gish.amo.gov.hk/internet/linktoimages/GetImageList?FILE_REF=AM94-0566(08)
AM94-0564(05),Tai Tam Tuk Raw Water Pumping Station Staff Quarters,大潭篤原水抽水站員工宿舍,"Tai Tam Reservoir Road, Tai Tam, Hong Kong",香港大潭大潭水塘道,Southern,AMO,南區,2009,2009,AM94-0564(05),https://www.amo.gov.hk/en/historic-buildings/monuments/hong-kong-island/monuments_88/index.html,https://www.amo.gov.hk/tc/historic-buildings/monuments/hong-kong-island/monuments_88/index.html,Declared Monuments with Images,法定古蹟(含照片),https://gish.amo.gov.hk/internet/linktoimages/GetImageList?FILE_REF=AM94-0564(05)
AM09-0017/B,The 21-Arch Section of the Bowen Aqueduct,寶雲輸水道的21孔拱券段,"Bowen Road, Wan Chai, Hong Kong",香港灣仔寶雲道,Wan Chai,AMO,灣仔區,2009,2009,AM09-0017/B,https://www.amo.gov.hk/en/historic-buildings/monuments/hong-kong-island/monuments_88/index.html,https://www.amo.gov.hk/tc/historic-buildings/monuments/hong-kong-island/monuments_88/index.html,Declared Monuments with Images,法定古蹟(含照片),https://gish.amo.gov.hk/internet/linktoimages/GetImageList?FILE_REF=AM09-0017/B
AM94-0560(03),"Tai Tam Upper Reservoir, Masonry Bridge",大潭上水塘石橋,"Tai Tam Reservoir Road, Tai Tam, Hong Kong",香港大潭大潭水塘道,Southern,AMO,南區,2009,2009,AM94-0560(03),https://www.amo.gov.hk/en/historic-buildings/monuments/hong-kong-island/monuments_88/index.html,https://www.amo.gov.hk/tc/historic-buildings/monuments/hong-kong-island/monuments_88/index.html,Declared Monuments with Images,法定古蹟(含照片),https://gish.amo.gov.hk/internet/linktoimages/GetImageList?FILE_REF=AM94-0560(03)
AM94-0560(01),"Tai Tam Upper Reservoir, Dam",大潭上水塘水壩,"Tai Tam Reservoir Road, Tai Tam, Hong Kong",香港大潭大潭水塘道,Southern,AMO,南區,2009,2009,AM94-0560(01),https://www.amo.gov.hk/en/historic-buildings/monuments/hong-kong-island/monuments_88/index.html,https://www.amo.gov.hk/tc/historic-buildings/monuments/hong-kong-island/monuments_88/index.html,Declared Monuments with Images,法定古蹟(含照片),https://gish.amo.gov.hk/internet/linktoimages/GetImageList?FILE_REF=AM94-0560(01)
AM94-0560(04),"Tai Tam Upper Reservoir, Reservoir, Tunnel Inlet and Recorder House",大潭上水塘隧道進水口及記錄儀器房,"Tai Tam Reservoir Road, Tai Tam, Hong Kong",香港大潭大潭水塘道,Southern,AMO,南區,2009,2009,AM94-0560(04),https://www.amo.gov.hk/en/historic-buildings/monuments/hong-kong-island/monuments_88/index.html,https://www.amo.gov.hk/tc/historic-buildings/monuments/hong-kong-island/monuments_88/index.html,Declared Monuments with Images,法定古蹟(含照片),https://gish.amo.gov.hk/internet/linktoimages/GetImageList?FILE_REF=AM94-0560(04)
AM94-0561(03),"Tai Tam Byewash Reservoir, Valve House",大潭副水塘水掣房,"Tai Tam Reservoir Road, Tai Tam, Hong Kong",香港大潭大潭水塘道,Southern,AMO,南區,2009,2009,AM94-0561(03),https://www.amo.gov.hk/en/historic-buildings/monuments/hong-kong-island/monuments_88/index.html,https://www.amo.gov.hk/tc/historic-buildings/monuments/hong-kong-island/monuments_88/index.html,Declared Monuments with Images,法定古蹟(含照片),https://gish.amo.gov.hk/internet/linktoimages/GetImageList?FILE_REF=AM94-0561(03)
AM94-0562(02),"Tai Tam Intermediate Reservoir, Valve House",大潭中水塘水掣房,"Tai Tam Reservoir Road, Tai Tam, Hong Kong",香港大潭大潭水塘道,Southern,AMO,南區,2009,2009,AM94-0562(02),https://www.amo.gov.hk/en/historic-buildings/monuments/hong-kong-island/monuments_88/index.html,https://www.amo.gov.hk/tc/historic-buildings/monuments/hong-kong-island/monuments_88/index.html,Declared Monuments with Images,法定古蹟(含照片),https://gish.amo.gov.hk/internet/linktoimages/GetImageList?FILE_REF=AM94-0562(02)
AM94-0562(01),"Tai Tam Intermediate Reservoir, Dam",大潭中水塘水壩,"Tai Tam Reservoir Road, Tai Tam, Hong Kong",香港大潭大潭水塘道,Southern,AMO,南區,2009,2009,AM94-0562(01),https://www.amo.gov.hk/en/historic-buildings/monuments/hong-kong-island/monuments_88/index.html,https://www.amo.gov.hk/tc/historic-buildings/monuments/hong-kong-island/monuments_88/index.html,Declared Monuments with Images,法定古蹟(含照片),https://gish.amo.gov.hk/internet/linktoimages/GetImageList?FILE_REF=AM94-0562(01)
AM94-0564(03),Tai Tam Tuk Raw Water Pumping Station Senior Staff Quarters,大潭篤原水抽水站高級員工宿舍,"Tai Tam Reservoir Road, Tai Tam, Hong Kong",香港大潭大潭水塘道,Southern,AMO,南區,2009,2009,AM94-0564(03),https://www.amo.gov.hk/en/historic-buildings/monuments/hong-kong-island/monuments_88/index.html,https://www.amo.gov.hk/tc/historic-buildings/monuments/hong-kong-island/monuments_88/index.html,Declared Monuments with Images,法定古蹟(含照片),https://gish.amo.gov.hk/internet/linktoimages/GetImageList?FILE_REF=AM94-0564(03)
AM94-0566(03),"Aberdeen Lower Reservoir, Dam",香港仔下水塘水壩,"Aberdeen Reservoir Road, Aberdeen, Hong Kong",香港香港仔香港仔水塘道,Southern,AMO,南區,2009,2009,AM94-0566(03),https://www.amo.gov.hk/en/historic-buildings/monuments/hong-kong-island/monuments_90/index.html,https://www.amo.gov.hk/tc/historic-buildings/monuments/hong-kong-island/monuments_90/index.html,Declared Monuments with Images,法定古蹟(含照片),https://gish.amo.gov.hk/internet/linktoimages/GetImageList?FILE_REF=AM94-0566(03)
AM94-0566(06),"Aberdeen Upper Reservoir, Bridge",香港仔上水塘的橋,"Aberdeen Reservoir Road, Aberdeen, Hong Kong",香港香港仔香港仔水塘道,Southern,AMO,南區,2009,2009,AM94-0566(06),https://www.amo.gov.hk/en/historic-buildings/monuments/hong-kong-island/monuments_90/index.html,https://www.amo.gov.hk/tc/historic-buildings/monuments/hong-kong-island/monuments_90/index.html,Declared Monuments with Images,法定古蹟(含照片),https://gish.amo.gov.hk/internet/linktoimages/GetImageList?FILE_REF=AM94-0566(06)
AM94-0566(07),"Aberdeen Upper Reservoir, Dam",香港仔上水塘水壩,"Aberdeen Reservoir Road, Aberdeen, Hong Kong",香港香港仔香港仔水塘道,Southern,AMO,南區,2009,2009,AM94-0566(07),https://www.amo.gov.hk/en/historic-buildings/monuments/hong-kong-island/monuments_90/index.html,https://www.amo.gov.hk/tc/historic-buildings/monuments/hong-kong-island/monuments_90/index.html,Declared Monuments with Images,法定古蹟(含照片),https://gish.amo.gov.hk/internet/linktoimages/GetImageList?FILE_REF=AM94-0566(07)
AM94-0616(01),Morrison Building,馬禮遜樓,"Hoh Fuk Tong Centre, Castle Peak Road (San Hui), Tuen Mun, New Territories",新界屯門青山公路新墟段何福堂會所,Tuen Mun,AMO,屯門區,2004,2004,AM94-0616(01),https://www.amo.gov.hk/en/historic-buildings/monuments/new-territories/monuments_79/index.html,https://www.amo.gov.hk/tc/historic-buildings/monuments/new-territories/monuments_79/index.html,Declared Monuments with Images,法定古蹟(含照片),https://gish.amo.gov.hk/internet/linktoimages/GetImageList?FILE_REF=AM94-0616(01)
AM94-0560(05),"Tai Tam Upper Reservoir, Valve House",大潭上水塘水掣房,"Tai Tam Reservoir Road, Tai Tam, Hong Kong",香港大潭大潭水塘道,Southern,AMO,南區,2009,2009,AM94-0560(05),https://www.amo.gov.hk/en/historic-buildings/monuments/hong-kong-island/monuments_88/index.html,https://www.amo.gov.hk/tc/historic-buildings/monuments/hong-kong-island/monuments_88/index.html,Declared Monuments with Images,法定古蹟(含照片),https://gish.amo.gov.hk/internet/linktoimages/GetImageList?FILE_REF=AM94-0560(05)
AM09-0019/B,Tung Wah Coffin Home,東華義莊,"9 Sandy Bay Road, Pok Fu Lam, Hong Kong",香港薄扶林大口環道9 號,Southern,AMO,南區,2020,2020,AM09-0019/B,https://www.amo.gov.hk/en/historic-buildings/monuments/hong-kong-island/monuments_125/index.html,https://www.amo.gov.hk/tc/historic-buildings/monuments/hong-kong-island/monuments_125/index.html,Declared Monuments with Images,法定古蹟(含照片),https://gish.amo.gov.hk/internet/linktoimages/GetImageList?FILE_REF=AM09-0019/B
AM94-0564(01),Chimney Shaft and its Flue of Tai Tam Tuk Raw Water Pumping Station,大潭篤原水抽水站的煙囪體及其排煙道,"Tai Tam Reservoir Road, Tai Tam, Hong Kong",香港大潭大潭水塘道,Southern,AMO,南區,2009,2009,AM94-0564(01),https://www.amo.gov.hk/en/historic-buildings/monuments/hong-kong-island/monuments_88/index.html,https://www.amo.gov.hk/tc/historic-buildings/monuments/hong-kong-island/monuments_88/index.html,Declared Monuments with Images,法定古蹟(含照片),https://gish.amo.gov.hk/internet/linktoimages/GetImageList?FILE_REF=AM94-0564(01)
AM94-0599,I Shing Temple,二聖宮,"Wang Chau, Yuen Long, New Territories",新界元朗橫洲,Yuen Long,AMO,元朗區,1996,1996,AM94-0599,https://www.amo.gov.hk/en/historic-buildings/monuments/new-territories/monuments_61/index.html,https://www.amo.gov.hk/tc/historic-buildings/monuments/new-territories/monuments_61/index.html,Declared Monuments with Images,法定古蹟(含照片),https://gish.amo.gov.hk/internet/linktoimages/GetImageList?FILE_REF=AM94-0599
AM94-0567(01),"Kowloon Reservoir, Main Dam",九龍水塘主壩,"Kam Shan Country Park, Sha Tin, New Territories",新界沙田金山郊野公園,Sha Tin,AMO,沙田區,2009,2009,AM94-0567(01),https://www.amo.gov.hk/en/historic-buildings/monuments/new-territories/monuments_91/index.html,https://www.amo.gov.hk/tc/historic-buildings/monuments/new-territories/monuments_91/index.html,Declared Monuments with Images,法定古蹟(含照片),https://gish.amo.gov.hk/internet/linktoimages/GetImageList?FILE_REF=AM94-0567(01)
AM94-0567(02),"Kowloon Reservoir, Spillway Dam",九龍水塘溢洪壩,"Kam Shan Country Park, Sha Tin, New Territories",新界沙田金山郊野公園,Sha Tin,AMO,沙田區,2009,2009,AM94-0567(02),https://www.amo.gov.hk/en/historic-buildings/monuments/new-territories/monuments_91/index.html,https://www.amo.gov.hk/tc/historic-buildings/monuments/new-territories/monuments_91/index.html,Declared Monuments with Images,法定古蹟(含照片),https://gish.amo.gov.hk/internet/linktoimages/GetImageList?FILE_REF=AM94-0567(02)
AM94-0567(03),"Kowloon Reservoir, Main Dam Valve House",九龍水塘主壩水掣房,"Kam Shan Country Park, Sha Tin, New Territories",新界沙田金山郊野公園,Sha Tin,AMO,沙田區,2009,2009,AM94-0567(03),https://www.amo.gov.hk/en/historic-buildings/monuments/new-territories/monuments_91/index.html,https://www.amo.gov.hk/tc/historic-buildings/monuments/new-territories/monuments_91/index.html,Declared Monuments with Images,法定古蹟(含照片),https://gish.amo.gov.hk/internet/linktoimages/GetImageList?FILE_REF=AM94-0567(03)
AM94-0567(04),"Kowloon Reservoir, Spillway Dam Recorder House",九龍水塘溢洪壩記錄儀器房,"Kam Shan Country Park, Sha Tin, New Territories",新界沙田金山郊野公園,Sha Tin,AMO,沙田區,2009,2009,AM94-0567(04),https://www.amo.gov.hk/en/historic-buildings/monuments/new-territories/monuments_91/index.html,https://www.amo.gov.hk/tc/historic-buildings/monuments/new-territories/monuments_91/index.html,Declared Monuments with Images,法定古蹟(含照片),https://gish.amo.gov.hk/internet/linktoimages/GetImageList?FILE_REF=AM94-0567(04)
AM94-0567(05),"Kowloon Reservoir, Recorder House",九龍水塘記錄儀器房,"Kam Shan Country Park, Sha Tin, New Territories",新界沙田金山郊野公園,Sha Tin,AMO,沙田區,2009,2009,AM94-0567(05),https://www.amo.gov.hk/en/historic-buildings/monuments/new-territories/monuments_91/index.html,https://www.amo.gov.hk/tc/historic-buildings/monuments/new-territories/monuments_91/index.html,Declared Monuments with Images,法定古蹟(含照片),https://gish.amo.gov.hk/internet/linktoimages/GetImageList?FILE_REF=AM94-0567(05)
AM94-0572(10),"Shing Mun Reservoir, Memorial Stone",城門水塘紀念碑,"Kwai Tsing, New Territories",新界葵青,Kwai Tsing,AMO,葵青區,2009,2009,AM94-0572(10),https://www.amo.gov.hk/en/historic-buildings/monuments/new-territories/monuments_92/index.html,https://www.amo.gov.hk/tc/historic-buildings/monuments/new-territories/monuments_92/index.html,Declared Monuments with Images,法定古蹟(含照片),https://gish.amo.gov.hk/internet/linktoimages/GetImageList?FILE_REF=AM94-0572(10)
AM01-1660,King Yin Lei,景賢里,"No. 45 Stubbs Road, Hong Kong",香港司徒拔道45號,Wan Chai,AMO,灣仔區,2008,2008,AM01-1660,https://www.amo.gov.hk/en/historic-buildings/monuments/hong-kong-island/monuments_85/index.html,https://www.amo.gov.hk/tc/historic-buildings/monuments/hong-kong-island/monuments_85/index.html,Declared Monuments with Images,法定古蹟(含照片),https://gish.amo.gov.hk/internet/linktoimages/GetImageList?FILE_REF=AM01-1660
AM09-0005/B,Fortified Structure at Ha Pak Nai,下白泥碉堡,"No. 55 Ha Pak Nai, Yuen Long, New Territories",新界元朗下白泥55號,Yuen Long,AMO,元朗區,2011,2011,AM09-0005/B,https://www.amo.gov.hk/en/historic-buildings/monuments/new-territories/monuments_99/index.html,https://www.amo.gov.hk/tc/historic-buildings/monuments/new-territories/monuments_99/index.html,Declared Monuments with Images,法定古蹟(含照片),https://gish.amo.gov.hk/internet/linktoimages/GetImageList?FILE_REF=AM09-0005/B
AM04-1772,Fat Tat Tong,發達堂,"Ha Wo Hang, Sha Tau Kok, New Territories",新界沙頭角下禾坑,North,AMO,北區,2013,2013,AM04-1772,https://www.amo.gov.hk/en/historic-buildings/monuments/new-territories/monuments_104/index.html,https://www.amo.gov.hk/tc/historic-buildings/monuments/new-territories/monuments_104/index.html,Declared Monuments with Images,法定古蹟(含照片),https://gish.amo.gov.hk/internet/linktoimages/GetImageList?FILE_REF=AM04-1772
AM94-0617,Tat Tak Communal Hall,達德公所,"Ping Shan, Yuen Long, New Territories",新界元朗屏山,Yuen Long,AMO,元朗區,2013,2013,AM94-0617,https://www.amo.gov.hk/en/historic-buildings/monuments/new-territories/monuments_105/index.html,https://www.amo.gov.hk/tc/historic-buildings/monuments/new-territories/monuments_105/index.html,Declared Monuments with Images,法定古蹟(含照片),https://gish.amo.gov.hk/internet/linktoimages/GetImageList?FILE_REF=AM94-0617
AM78-0197(02),Enclosing Walls and Corner Watch Towers of Kun Lung Wai,覲龍圍圍牆及更樓,"Kun Lung Wai (San Wai), Lung Yeuk Tau, Fanling, New Territories",新界粉嶺龍躍頭覲龍圍（新圍）,North,AMO,北區,1993,1993,AM78-0197(02),https://www.amo.gov.hk/en/historic-buildings/monuments/new-territories/monuments_48/index.html,https://www.amo.gov.hk/tc/historic-buildings/monuments/new-territories/monuments_48/index.html,Declared Monuments with Images,法定古蹟(含照片),https://gish.amo.gov.hk/internet/linktoimages/GetImageList?FILE_REF=AM78-0197(02)
AM84-0342,Entrance Tower and Enclosing Walls of Lo Wai,老圍門樓及圍牆,"Lung Yeuk Tau, Fanling, New Territories",新界粉嶺龍躍頭,North,AMO,北區,1997,1997,AM84-0342,https://www.amo.gov.hk/en/historic-buildings/monuments/new-territories/monuments_64/index.html,https://www.amo.gov.hk/tc/historic-buildings/monuments/new-territories/monuments_64/index.html,Declared Monuments with Images,法定古蹟(含照片),https://gish.amo.gov.hk/internet/linktoimages/GetImageList?FILE_REF=AM84-0342
AM77-0002,Law Uk Hakka House,羅屋,"No. 14 Kut Shing Street, Chai Wan, Hong Kong",香港柴灣吉勝街14號,Eastern,AMO,東區,1989,1989,AM77-0002,https://www.amo.gov.hk/en/historic-buildings/monuments/hong-kong-island/monuments_38/index.html,https://www.amo.gov.hk/tc/historic-buildings/monuments/hong-kong-island/monuments_38/index.html,Declared Monuments with Images,法定古蹟(含照片),https://gish.amo.gov.hk/internet/linktoimages/GetImageList?FILE_REF=AM77-0002
AM88-0409,Former Victoria Prison Compound,前域多利監獄,"No. 10 Hollywood Road, Central, Hong Kong",香港中環荷李活道10号,Central and Western,AMO,中西區,1995,1995,AM88-0409,https://www.amo.gov.hk/en/historic-buildings/monuments/hong-kong-island/monuments_55/index.html,https://www.amo.gov.hk/tc/historic-buildings/monuments/hong-kong-island/monuments_55/index.html,Declared Monuments with Images,法定古蹟(含照片),https://gish.amo.gov.hk/internet/linktoimages/GetImageList?FILE_REF=AM88-0409
AM77-0003,Flagstaff House,舊三軍司令官邸,"Cotton Tree Drive, Central, Hong Kong",香港中環紅棉路,Central and Western,AMO,中西區,1989,1989,AM77-0003,https://www.amo.gov.hk/en/historic-buildings/monuments/hong-kong-island/monuments_36/index.html,https://www.amo.gov.hk/tc/historic-buildings/monuments/hong-kong-island/monuments_36/index.html,Declared Monuments with Images,法定古蹟(含照片),https://gish.amo.gov.hk/internet/linktoimages/GetImageList?FILE_REF=AM77-0003
AM77-0026,Hong Kong Observatory,香港天文台,"No. 134A Nathan Road, Tsim Sha Tsui, Kowloon",九龍尖沙咀彌敦道134號A,Yau Tsim Mong,AMO,油尖旺區,1984,1984,AM77-0026,https://www.amo.gov.hk/en/historic-buildings/monuments/kowloon/monuments_24/index.html,https://www.amo.gov.hk/tc/historic-buildings/monuments/kowloon/monuments_24/index.html,Declared Monuments with Images,法定古蹟(含照片),https://gish.amo.gov.hk/internet/linktoimages/GetImageList?FILE_REF=AM77-0026
AM77-0023,Main Building of St. Stephen's Girls' College,聖士提反女子中學主樓,"No.2 Lyttelton Road, Mid-Levels, Hong Kong",香港半山區列堤頓道2號,Central and Western,AMO,中西區,1992,1992,AM77-0023,https://www.amo.gov.hk/en/historic-buildings/monuments/hong-kong-island/monuments_46/index.html,https://www.amo.gov.hk/tc/historic-buildings/monuments/hong-kong-island/monuments_46/index.html,Declared Monuments with Images,法定古蹟(含照片),https://gish.amo.gov.hk/internet/linktoimages/GetImageList?FILE_REF=AM77-0023
AM77-0025,Western Market,舊上環街市,"No.323 Des Voeux Road Central, Sheung Wan, Hong Kong",香港上環德輔道中323號,Central and Western,AMO,中西區,1990,1990,AM77-0025,https://www.amo.gov.hk/en/historic-buildings/monuments/hong-kong-island/monuments_42/index.html,https://www.amo.gov.hk/tc/historic-buildings/monuments/hong-kong-island/monuments_42/index.html,Declared Monuments with Images,法定古蹟(含照片),https://gish.amo.gov.hk/internet/linktoimages/GetImageList?FILE_REF=AM77-0025
AM77-0070,Old District Office (North),舊北區理民府,"Wan Tau Kok Lane, Tai Po, New Territories",新界大埔運頭角里,Tai Po,AMO,大埔區,1981,1981,AM77-0070,https://www.amo.gov.hk/en/historic-buildings/monuments/new-territories/monuments_12/index.html,https://www.amo.gov.hk/tc/historic-buildings/monuments/new-territories/monuments_12/index.html,Declared Monuments with Images,法定古蹟(含照片),https://gish.amo.gov.hk/internet/linktoimages/GetImageList?FILE_REF=AM77-0070
AM77-0104,Government House,香港禮賓府,"Upper Albert Road, Central, Hong Kong",香港中環上亞厘畢道,Central and Western,AMO,中西區,1995,1995,AM77-0104,https://www.amo.gov.hk/en/historic-buildings/monuments/hong-kong-island/monuments_59/index.html,https://www.amo.gov.hk/tc/historic-buildings/monuments/hong-kong-island/monuments_59/index.html,Declared Monuments with Images,法定古蹟(含照片),https://gish.amo.gov.hk/internet/linktoimages/GetImageList?FILE_REF=AM77-0104
AM77-0106,Former Central Magistracy,前中央裁判司署,"No. 10 Hollywood Road, Central, Hong Kong",香港中環荷李活道10號,Central and Western,AMO,中西區,1995,1995,AM77-0106,https://www.amo.gov.hk/en/historic-buildings/monuments/hong-kong-island/monuments_54/index.html,https://www.amo.gov.hk/tc/historic-buildings/monuments/hong-kong-island/monuments_54/index.html,Declared Monuments with Images,法定古蹟(含照片),https://gish.amo.gov.hk/internet/linktoimages/GetImageList?FILE_REF=AM77-0106
AM77-0153,Duddell Street Steps and Gas Lamps,都爹利街石階及煤氣路燈,"Duddell Street, Central, Hong Kong",香港中環都爹利街,Central and Western,AMO,中西區,1979,1979,AM77-0153,https://www.amo.gov.hk/en/historic-buildings/monuments/hong-kong-island/monuments_08/index.html,https://www.amo.gov.hk/tc/historic-buildings/monuments/hong-kong-island/monuments_08/index.html,Declared Monuments with Images,法定古蹟(含照片),https://gish.amo.gov.hk/internet/linktoimages/GetImageList?FILE_REF=AM77-0153
AM80-0277,Island House,前政務司官邸,"Yuen Chau Tsai, Tai Po, New Territories",新界大埔元洲仔,Tai Po,AMO,大埔區,1983,1983,AM80-0277,https://www.amo.gov.hk/en/historic-buildings/monuments/new-territories/monuments_17/index.html,https://www.amo.gov.hk/tc/historic-buildings/monuments/new-territories/monuments_17/index.html,Declared Monuments with Images,法定古蹟(含照片),https://gish.amo.gov.hk/internet/linktoimages/GetImageList?FILE_REF=AM80-0277
AM84-0335,Former Kowloon British School,前九龍英童學校,"No.136 Nathan Road, Tsim Sha Tsui, Kowloon",九龍尖沙咀彌敦道136號,Yau Tsim Mong,AMO,油尖旺區,1991,1991,AM84-0335,https://www.amo.gov.hk/en/historic-buildings/monuments/kowloon/monuments_45/index.html,https://www.amo.gov.hk/tc/historic-buildings/monuments/kowloon/monuments_45/index.html,Declared Monuments with Images,法定古蹟(含照片),https://gish.amo.gov.hk/internet/linktoimages/GetImageList?FILE_REF=AM84-0335
AM92-0491,Tang Lung Chau Lighthouse,燈籠洲燈塔,"Tang Lung Chau, Kap Shui Mun, Tsuen Wan, New Territories",新界荃灣汲水門燈籠洲,Tsuen Wan,AMO,荃灣區,2000,2000,AM92-0491,https://www.amo.gov.hk/en/historic-buildings/monuments/new-territories/monuments_72/index.html,https://www.amo.gov.hk/tc/historic-buildings/monuments/new-territories/monuments_72/index.html,Declared Monuments with Images,法定古蹟(含照片),https://gish.amo.gov.hk/internet/linktoimages/GetImageList?FILE_REF=AM92-0491
AM92-0508,Maryknoll Convent School,瑪利諾修院學校,"No. 130 Waterloo Road, Kowloon",九龍窩打老道130號,Kowloon City,AMO,九龍城區,2008,2008,AM92-0508,https://www.amo.gov.hk/en/historic-buildings/monuments/kowloon/monuments_84/index.html,https://www.amo.gov.hk/tc/historic-buildings/monuments/kowloon/monuments_84/index.html,Declared Monuments with Images,法定古蹟(含照片),https://gish.amo.gov.hk/internet/linktoimages/GetImageList?FILE_REF=AM92-0508
AM93-0524,Gate Lodge of the Former Mountain Lodge,舊總督山頂別墅守衛室,"Mount Austin Road, the Peak, Hong Kong",香港山頂柯士甸山道,Central and Western,AMO,中西區,1995,1995,AM93-0524,https://www.amo.gov.hk/en/historic-buildings/monuments/hong-kong-island/monuments_52/index.html,https://www.amo.gov.hk/tc/historic-buildings/monuments/hong-kong-island/monuments_52/index.html,Declared Monuments with Images,法定古蹟(含照片),https://gish.amo.gov.hk/internet/linktoimages/GetImageList?FILE_REF=AM93-0524
AM77-0012,Sam Tung Uk Walled Village,三楝屋村,"Kwu Uk Lane, Tsuen Wan, New Territories",新界荃灣古屋里,Tsuen Wan,AMO,荃灣區,1981,1981,AM77-0012,https://www.amo.gov.hk/en/historic-buildings/monuments/new-territories/monuments_10/index.html,https://www.amo.gov.hk/tc/historic-buildings/monuments/new-territories/monuments_10/index.html,Declared Monuments with Images,法定古蹟(含照片),https://gish.amo.gov.hk/internet/linktoimages/GetImageList?FILE_REF=AM77-0012
AM77-0020,Rock Carving at Tei Tong Tsui,地堂咀石刻,"Tei Tong Tsui, Joss House Bay, Sai Kung, New Territories",新界西貢大廟灣地堂咀,Sai Kung,AMO,西貢區,1979,1979,AM77-0020,https://www.amo.gov.hk/en/historic-buildings/monuments/new-territories/monuments_04/index.html,https://www.amo.gov.hk/tc/historic-buildings/monuments/new-territories/monuments_04/index.html,Declared Monuments with Images,法定古蹟(含照片),https://gish.amo.gov.hk/internet/linktoimages/GetImageList?FILE_REF=AM77-0020
AM77-0118,Liu Man Shek Tong Ancestral Hall,廖萬石堂,"Mun Hau Tsuen, Sheung Shui, New Territories",新界上水門口村,North,AMO,北區,1985,1985,AM77-0118,https://www.amo.gov.hk/en/historic-buildings/monuments/new-territories/monuments_30/index.html,https://www.amo.gov.hk/tc/historic-buildings/monuments/new-territories/monuments_30/index.html,Declared Monuments with Images,法定古蹟(含照片),https://gish.amo.gov.hk/internet/linktoimages/GetImageList?FILE_REF=AM77-0118
AM77-0120,Yeung Hau Temple,楊侯宮,"Tung Tau Tsuen, Ha Tsuen, Yuen Long, New Territories",新界元朗廈村東頭村,Yuen Long,AMO,元朗區,1988,1988,AM77-0120,https://www.amo.gov.hk/en/historic-buildings/monuments/new-territories/monuments_34/index.html,https://www.amo.gov.hk/tc/historic-buildings/monuments/new-territories/monuments_34/index.html,Declared Monuments with Images,法定古蹟(含照片),https://gish.amo.gov.hk/internet/linktoimages/GetImageList?FILE_REF=AM77-0120
AM77-0144,Yu Kiu Ancestral Hall,愈喬二公祠,"Ping Shan, Yuen Long, New Territories",新界元朗屏山,Yuen Long,AMO,元朗區,2001,2001,AM77-0144,https://www.amo.gov.hk/en/historic-buildings/monuments/new-territories/monuments_74/index.html,https://www.amo.gov.hk/tc/historic-buildings/monuments/new-territories/monuments_74/index.html,Declared Monuments with Images,法定古蹟(含照片),https://gish.amo.gov.hk/internet/linktoimages/GetImageList?FILE_REF=AM77-0144
AM78-0184,Tang Chung Ling Ancestral Hall,松嶺鄧公祠,"Lung Yeuk Tau, Fanling, New Territories",新界粉嶺龍躍頭,North,AMO,北區,1997,1997,AM78-0184,https://www.amo.gov.hk/en/historic-buildings/monuments/new-territories/monuments_65/index.html,https://www.amo.gov.hk/tc/historic-buildings/monuments/new-territories/monuments_65/index.html,Declared Monuments with Images,法定古蹟(含照片),https://gish.amo.gov.hk/internet/linktoimages/GetImageList?FILE_REF=AM78-0184
AM78-0197(01),Kun Lung Gate Tower,覲龍圍門樓,"Lung Yeuk Tau, Fanling, New Territories",新界粉嶺龍躍頭,North,AMO,北區,1988,1988,AM78-0197(01),https://www.amo.gov.hk/en/historic-buildings/monuments/new-territories/monuments_33/index.html,https://www.amo.gov.hk/tc/historic-buildings/monuments/new-territories/monuments_33/index.html,Declared Monuments with Images,法定古蹟(含照片),https://gish.amo.gov.hk/internet/linktoimages/GetImageList?FILE_REF=AM78-0197(01)
AM78-0217(01),Sheung Yiu Village,上窰村,"Pak Tam Chung, Sai Kung, New Territories",新界西貢北潭涌,Sai Kung,AMO,西貢區,1981,1981,AM78-0217(01),https://www.amo.gov.hk/en/historic-buildings/monuments/new-territories/monuments_13/index.html,https://www.amo.gov.hk/tc/historic-buildings/monuments/new-territories/monuments_13/index.html,Declared Monuments with Images,法定古蹟(含照片),https://gish.amo.gov.hk/internet/linktoimages/GetImageList?FILE_REF=AM78-0217(01)
AM82-0299,"Old House, Hoi Pa Village",海壩村古屋,"Tak Wah Park, Tak Wah Street, Tsuen Wan, New Territories",新界荃灣德華街德華公園,Tsuen Wan,AMO,荃灣區,1986,1986,AM82-0299,https://www.amo.gov.hk/en/historic-buildings/monuments/new-territories/monuments_31/index.html,https://www.amo.gov.hk/tc/historic-buildings/monuments/new-territories/monuments_31/index.html,Declared Monuments with Images,法定古蹟(含照片),https://gish.amo.gov.hk/internet/linktoimages/GetImageList?FILE_REF=AM82-0299
AM82-0301,Old Tai Po Market Railway Station,舊大埔墟火車站,"No. 13 Shung Tak Street, Tai Po Market, Tai Po, New Territories",新界大埔大埔墟崇德街十三號,Tai Po,AMO,大埔區,1984,1984,AM82-0301,https://www.amo.gov.hk/en/historic-buildings/monuments/new-territories/monuments_29/index.html,https://www.amo.gov.hk/tc/historic-buildings/monuments/new-territories/monuments_29/index.html,Declared Monuments with Images,法定古蹟(含照片),https://gish.amo.gov.hk/internet/linktoimages/GetImageList?FILE_REF=AM82-0301
AM91-0483,Cheung Shan Monastery,長山古寺,"Ping Che, Fanling, New Territories",新界粉嶺坪輋,North,AMO,北區,1998,1998,AM91-0483,https://www.amo.gov.hk/en/historic-buildings/monuments/new-territories/monuments_66/index.html,https://www.amo.gov.hk/tc/historic-buildings/monuments/new-territories/monuments_66/index.html,Declared Monuments with Images,法定古蹟(含照片),https://gish.amo.gov.hk/internet/linktoimages/GetImageList?FILE_REF=AM91-0483
AM92-0492,King Law Ka Shuk,敬羅家塾,"Tai Po Tau Tsuen, Tai Po, New Territories",新界大埔大埔頭村,Tai Po,AMO,大埔區,1998,1998,AM92-0492,https://www.amo.gov.hk/en/historic-buildings/monuments/new-territories/monuments_67/index.html,https://www.amo.gov.hk/tc/historic-buildings/monuments/new-territories/monuments_67/index.html,Declared Monuments with Images,法定古蹟(含照片),https://gish.amo.gov.hk/internet/linktoimages/GetImageList?FILE_REF=AM92-0492
AM90-0421,Kang Yung Study Hall,鏡蓉書屋,"Sheung Wo Hang, Sha Tau Kok, New Territories",新界沙頭角上禾坑,North,AMO,北區,1991,1991,AM90-0421,https://www.amo.gov.hk/en/historic-buildings/monuments/new-territories/monuments_44/index.html,https://www.amo.gov.hk/tc/historic-buildings/monuments/new-territories/monuments_44/index.html,Declared Monuments with Images,法定古蹟(含照片),https://gish.amo.gov.hk/internet/linktoimages/GetImageList?FILE_REF=AM90-0421
AM78-0230,Yi Tai Study Hall,二帝書院,"Shui Tau Village, Kam Tin, Yuen Long, New Territories",新界元朗錦田水頭村,Yuen Long,AMO,元朗區,1992,1992,AM78-0230,https://www.amo.gov.hk/en/historic-buildings/monuments/new-territories/monuments_47/index.html,https://www.amo.gov.hk/tc/historic-buildings/monuments/new-territories/monuments_47/index.html,Declared Monuments with Images,法定古蹟(含照片),https://gish.amo.gov.hk/internet/linktoimages/GetImageList?FILE_REF=AM78-0230
AM90-0422,Former Yamen Building of Kowloon Walled City,前九龍寨城衙門,"Kowloon Walled City Park, Kowloon",九龍九龍寨城公園,Kowloon City,AMO,九龍城區,1996,1996,AM90-0422,https://www.amo.gov.hk/en/historic-buildings/monuments/kowloon/monuments_63/index.html,https://www.amo.gov.hk/tc/historic-buildings/monuments/kowloon/monuments_63/index.html,Declared Monuments with Images,法定古蹟(含照片),https://gish.amo.gov.hk/internet/linktoimages/GetImageList?FILE_REF=AM90-0422
AM85-0347,"Old House, Wong Uk Village",王屋村古屋,"Yuen Chau Kok, Sha Tin, New Territories",新界沙田圓洲角,Sha Tin,AMO,沙田區,1989,1989,AM85-0347,https://www.amo.gov.hk/en/historic-buildings/monuments/new-territories/monuments_39/index.html,https://www.amo.gov.hk/tc/historic-buildings/monuments/new-territories/monuments_39/index.html,Declared Monuments with Images,法定古蹟(含照片),https://gish.amo.gov.hk/internet/linktoimages/GetImageList?FILE_REF=AM85-0347
AM77-0162,Tai Fu Tai,大夫第,"Wing Ping Tsuen, San Tin, Yuen Long, New Territories",新界元朗新田永平村,Yuen Long,AMO,元朗區,1987,1987,AM77-0162,https://www.amo.gov.hk/en/historic-buildings/monuments/new-territories/monuments_32/index.html,https://www.amo.gov.hk/tc/historic-buildings/monuments/new-territories/monuments_32/index.html,Declared Monuments with Images,法定古蹟(含照片),https://gish.amo.gov.hk/internet/linktoimages/GetImageList?FILE_REF=AM77-0162
AM77-0105,Former Central Police Station Compound,前中區警署,"No. 10 Hollywood Road, Central, Hong Kong",香港中環荷李活道10號,Central and Western,AMO,中西區,1995,1995,AM77-0105,https://www.amo.gov.hk/en/historic-buildings/monuments/hong-kong-island/monuments_53/index.html,https://www.amo.gov.hk/tc/historic-buildings/monuments/hong-kong-island/monuments_53/index.html,Declared Monuments with Images,法定古蹟(含照片),https://gish.amo.gov.hk/internet/linktoimages/GetImageList?FILE_REF=AM77-0105
AM77-0010,Former Marine Police Headquarters Compound,前水警總部,"No.2A Canton Road, Tsim Sha Tsui, Kowloon",九龍尖沙咀廣東道2號A,Yau Tsim Mong,AMO,油尖旺區,1994,1994,AM77-0010,https://www.amo.gov.hk/en/historic-buildings/monuments/kowloon/monuments_51/index.html,https://www.amo.gov.hk/tc/historic-buildings/monuments/kowloon/monuments_51/index.html,Declared Monuments with Images,法定古蹟(含照片),https://gish.amo.gov.hk/internet/linktoimages/GetImageList?FILE_REF=AM77-0010
AM77-0159,Man Lun Fung Ancestral Hall,麟峯文公祠,"Fan Tin Tsuen, San Tin, Yuen Long, New Territories",新界元朗新田蕃田村,Yuen Long,AMO,元朗區,1983,1983,AM77-0159,https://www.amo.gov.hk/en/historic-buildings/monuments/new-territories/monuments_19/index.html,https://www.amo.gov.hk/tc/historic-buildings/monuments/new-territories/monuments_19/index.html,Declared Monuments with Images,法定古蹟(含照片),https://gish.amo.gov.hk/internet/linktoimages/GetImageList?FILE_REF=AM77-0159
AM77-0084,Old Stanley Police Station,舊赤柱警署,"No.88 Stanley Village Road, Stanley, Hong Kong",香港赤柱赤柱村道88號,Southern,AMO,南區,1984,1984,AM77-0084,https://www.amo.gov.hk/en/historic-buildings/monuments/hong-kong-island/monuments_25/index.html,https://www.amo.gov.hk/tc/historic-buildings/monuments/hong-kong-island/monuments_25/index.html,Declared Monuments with Images,法定古蹟(含照片),https://gish.amo.gov.hk/internet/linktoimages/GetImageList?FILE_REF=AM77-0084
AM84-0341,Entrance Tower of Ma Wat Wai,麻笏圍門樓,"Ma Wat Wai, Lung Yeuk Tau, Fanling, New Territories",新界粉嶺龍躍頭麻笏圍,North,AMO,北區,1994,1994,AM84-0341,https://www.amo.gov.hk/en/historic-buildings/monuments/new-territories/monuments_50/index.html,https://www.amo.gov.hk/tc/historic-buildings/monuments/new-territories/monuments_50/index.html,Declared Monuments with Images,法定古蹟(含照片),https://gish.amo.gov.hk/internet/linktoimages/GetImageList?FILE_REF=AM84-0341
AM77-0115,Hau Ku Shek Ancestral Hall,居石侯公祠,"Ho Sheung Heung, Sheung Shui, New Territories",新界上水河上鄉,North,AMO,北區,2003,2003,AM77-0115,https://www.amo.gov.hk/en/historic-buildings/monuments/new-territories/monuments_78/index.html,https://www.amo.gov.hk/tc/historic-buildings/monuments/new-territories/monuments_78/index.html,Declared Monuments with Images,法定古蹟(含照片),https://gish.amo.gov.hk/internet/linktoimages/GetImageList?FILE_REF=AM77-0115
AM90-0448(03),"May Hall, The University of Hong Kong (Exterior declared as a monument)",香港大學梅堂(外部列為法定古蹟),"Pok Fu Lam, Hong Kong",香港薄扶林,Central and Western,AMO,中西區,2018,2018,AM90-0448(03),https://www.amo.gov.hk/en/historic-buildings/monuments/hong-kong-island/monuments_120/index.html,https://www.amo.gov.hk/tc/historic-buildings/monuments/hong-kong-island/monuments_120/index.html,Declared Monuments with Images,法定古蹟(含照片),https://gish.amo.gov.hk/internet/linktoimages/GetImageList?FILE_REF=AM90-0448(03)
AM92-0505,Tung Lin Kok Yuen,東蓮覺苑,"No. 15 Shan Kwong Road, Happy Valley, Hong Kong",香港跑馬地山光道15號,Wan Chai,AMO,灣仔區,2017,2017,AM92-0505,https://www.amo.gov.hk/en/historic-buildings/monuments/hong-kong-island/monuments_115/index.html,https://www.amo.gov.hk/tc/historic-buildings/monuments/hong-kong-island/monuments_115/index.html,Declared Monuments with Images,法定古蹟(含照片),https://gish.amo.gov.hk/internet/linktoimages/GetImageList?FILE_REF=AM92-0505
AM77-0068,"Fung Ping Shan Building, The University of Hong Kong (Exterior declared as a monument)",香港大學馮平山樓 (外部列為法定古蹟),"Pok Fu Lam, Hong Kong",香港薄扶林,Central and Western,AMO,中西區,2018,2018,AM77-0068,https://www.amo.gov.hk/en/historic-buildings/monuments/hong-kong-island/monuments_118/index.html,https://www.amo.gov.hk/tc/historic-buildings/monuments/hong-kong-island/monuments_118/index.html,Declared Monuments with Images,法定古蹟(含照片),https://gish.amo.gov.hk/internet/linktoimages/GetImageList?FILE_REF=AM77-0068
AM78-0221(07),"Pok Fu Lam Reservoir, Masonry Bridge",薄扶林水塘石橋,"Pok Fu Lam, Hong Kong",香港薄扶林,Southern,AMO,南區,2009,2009,AM78-0221(07),https://www.amo.gov.hk/en/historic-buildings/monuments/hong-kong-island/monuments_87/index.html,https://www.amo.gov.hk/tc/historic-buildings/monuments/hong-kong-island/monuments_87/index.html,Declared Monuments with Images,法定古蹟(含照片),https://gish.amo.gov.hk/internet/linktoimages/GetImageList?FILE_REF=AM78-0221(07)
AM78-0221(08),"Pok Fu Lam Reservoir, Masonry Bridge",薄扶林水塘石橋,"Pok Fu Lam, Hong Kong",香港薄扶林,Southern,AMO,南區,2009,2009,AM78-0221(08),https://www.amo.gov.hk/en/historic-buildings/monuments/hong-kong-island/monuments_87/index.html,https://www.amo.gov.hk/tc/historic-buildings/monuments/hong-kong-island/monuments_87/index.html,Declared Monuments with Images,法定古蹟(含照片),https://gish.amo.gov.hk/internet/linktoimages/GetImageList?FILE_REF=AM78-0221(08)
AM78-0221(04),"Pok Fu Lam Reservoir, Gauge Basin",薄扶林水塘量水站,"Pok Fu Lam, Hong Kong",香港薄扶林,Southern,AMO,南區,2009,2009,AM78-0221(04),https://www.amo.gov.hk/en/historic-buildings/monuments/hong-kong-island/monuments_87/index.html,https://www.amo.gov.hk/tc/historic-buildings/monuments/hong-kong-island/monuments_87/index.html,Declared Monuments with Images,法定古蹟(含照片),https://gish.amo.gov.hk/internet/linktoimages/GetImageList?FILE_REF=AM78-0221(04)
AM78-0221(09),"Pok Fu Lam Reservoir, Masonry Bridge",薄扶林水塘石橋,"Pok Fu Lam, Hong Kong",香港薄扶林,Southern,AMO,南區,2009,2009,AM78-0221(09),https://www.amo.gov.hk/en/historic-buildings/monuments/hong-kong-island/monuments_87/index.html,https://www.amo.gov.hk/tc/historic-buildings/monuments/hong-kong-island/monuments_87/index.html,Declared Monuments with Images,法定古蹟(含照片),https://gish.amo.gov.hk/internet/linktoimages/GetImageList?FILE_REF=AM78-0221(09)
AM78-0221(06),"Pok Fu Lam Reservoir, Former Watchman's Cottage (presently Pok Fu Lam Management Centre)",薄扶林水塘前看守員房舍(現時為薄扶林管理中心),"Pok Fu Lam, Hong Kong",香港薄扶林,Southern,AMO,南區,2009,2009,AM78-0221(06),https://www.amo.gov.hk/en/historic-buildings/monuments/hong-kong-island/monuments_87/index.html,https://www.amo.gov.hk/tc/historic-buildings/monuments/hong-kong-island/monuments_87/index.html,Declared Monuments with Images,法定古蹟(含照片),https://gish.amo.gov.hk/internet/linktoimages/GetImageList?FILE_REF=AM78-0221(06)
AM99-0998,Lui Seng Chun,雷生春,"No. 119 Lai Chi Kok Road, Mong Kok, Kowloon",九龍旺角荔枝角道119號雷生春,Yau Tsim Mong,AMO,油尖旺區,2022,2022,AM99-0998,https://www.amo.gov.hk/en/historic-buildings/monuments/kowloon/monuments_131/index.html,https://www.amo.gov.hk/tc/historic-buildings/monuments/kowloon/monuments_131/index.html,Declared Monuments with Images,法定古蹟(含照片),https://gish.amo.gov.hk/internet/linktoimages/GetImageList?FILE_REF=AM99-0998
AM95-0622,Cheung Ancestral Hall,張氏宗祠,"Shan Ha Tsuen, Yuen Long, New Territories",新界元朗山廈村,Yuen Long,AMO,元朗區,1999,1999,AM95-0622,https://www.amo.gov.hk/en/historic-buildings/monuments/new-territories/monuments_68/index.html,https://www.amo.gov.hk/tc/historic-buildings/monuments/new-territories/monuments_68/index.html,Declared Monuments with Images,法定古蹟(含照片),https://gish.amo.gov.hk/internet/linktoimages/GetImageList?FILE_REF=AM95-0622
AM93-0556,Hung Shing Temple (Kau Sai Chau),洪聖古廟 (滘西洲),"Kau Sai Chau, Sai Kung, New Territories",新界西貢滘西洲,Sai Kung,AMO,西貢區,2002,2002,AM93-0556,https://www.amo.gov.hk/en/historic-buildings/monuments/new-territories/monuments_76/index.html,https://www.amo.gov.hk/tc/historic-buildings/monuments/new-territories/monuments_76/index.html,Declared Monuments with Images,法定古蹟(含照片),https://gish.amo.gov.hk/internet/linktoimages/GetImageList?FILE_REF=AM93-0556
AM77-0095,Tang Ancestral Hall (Ha Tsuen),鄧氏宗祠(廈村),"Ha Tsuen, Yuen Long, New Territories",新界元朗廈村,Yuen Long,AMO,元朗區,2007,2007,AM77-0095,https://www.amo.gov.hk/en/historic-buildings/monuments/new-territories/monuments_83/index.html,https://www.amo.gov.hk/tc/historic-buildings/monuments/new-territories/monuments_83/index.html,Declared Monuments with Images,法定古蹟(含照片),https://gish.amo.gov.hk/internet/linktoimages/GetImageList?FILE_REF=AM77-0095
AM77-0143,Tang Ancestral Hall (Ping Shan),鄧氏宗祠（屏山）,"Ping Shan, Yuen Long, New Territories",新界元朗屏山,Yuen Long,AMO,元朗區,2001,2001,AM77-0143,https://www.amo.gov.hk/en/historic-buildings/monuments/new-territories/monuments_73/index.html,https://www.amo.gov.hk/tc/historic-buildings/monuments/new-territories/monuments_73/index.html,Declared Monuments with Images,法定古蹟(含照片),https://gish.amo.gov.hk/internet/linktoimages/GetImageList?FILE_REF=AM77-0143
AM82-0297,"Man Mo Temple, Tai Po",大埔文武二帝廟,"Fu Shin Street, Tai Po, New Territories",新界大埔富善街,Tai Po,AMO,大埔區,1984,1984,AM82-0297,https://www.amo.gov.hk/en/historic-buildings/monuments/new-territories/monuments_23/index.html,https://www.amo.gov.hk/tc/historic-buildings/monuments/new-territories/monuments_23/index.html,Declared Monuments with Images,法定古蹟(含照片),https://gish.amo.gov.hk/internet/linktoimages/GetImageList?FILE_REF=AM82-0297
AM79-0249,"Tin Hau Temple, Causeway Bay",銅鑼灣天后廟,"No.10 Tin Hau Temple Road, Causeway Bay, Hong Kong",香港銅鑼灣天后廟道10號,Eastern,AMO,東區,1982,1982,AM79-0249,https://www.amo.gov.hk/en/historic-buildings/monuments/hong-kong-island/monuments_15/index.html,https://www.amo.gov.hk/tc/historic-buildings/monuments/hong-kong-island/monuments_15/index.html,Declared Monuments with Images,法定古蹟(含照片),https://gish.amo.gov.hk/internet/linktoimages/GetImageList?FILE_REF=AM79-0249
AM78-0185,Tin Hau Temple (Lung Yeuk Tau),天后宮(龍躍頭),"Lung Yeuk Tau, Fanling, New Territories",新界粉嶺龍躍頭,North,AMO,北區,2002,2002,AM78-0185,https://www.amo.gov.hk/en/historic-buildings/monuments/new-territories/monuments_77/index.html,https://www.amo.gov.hk/tc/historic-buildings/monuments/new-territories/monuments_77/index.html,Declared Monuments with Images,法定古蹟(含照片),https://gish.amo.gov.hk/internet/linktoimages/GetImageList?FILE_REF=AM78-0185
AM88-0405,Waglan Lighthouse,橫瀾燈塔,"Waglan Island, New Territories",新界橫瀾島,Islands,AMO,離島區,2000,2000,AM88-0405,https://www.amo.gov.hk/en/historic-buildings/monuments/outlying-islands/monuments_71/index.html,https://www.amo.gov.hk/tc/historic-buildings/monuments/outlying-islands/monuments_71/index.html,Declared Monuments with Images,法定古蹟(含照片),https://gish.amo.gov.hk/internet/linktoimages/GetImageList?FILE_REF=AM88-0405
AM79-0247,"Yeung Hau Temple, Tai O",大澳楊侯古廟,"Po Chue Tam, Tai O, Lantau Island",大嶼山大澳寶珠潭,Islands,AMO,離島區,2017,2017,AM79-0247,https://www.amo.gov.hk/en/historic-buildings/monuments/outlying-islands/monuments_117/index.html,https://www.amo.gov.hk/tc/historic-buildings/monuments/outlying-islands/monuments_117/index.html,Declared Monuments with Images,法定古蹟(含照片),https://gish.amo.gov.hk/internet/linktoimages/GetImageList?FILE_REF=AM79-0247
AM88-0388(01),Jamia Mosque,回教清真禮拜總堂,"No.30 Shelley Street, Central, Hong Kong",香港中環些利街30號,Central and Western,AMO,中西區,2022,2022,AM88-0388(01),https://www.amo.gov.hk/en/historic-buildings/monuments/hong-kong-island/monuments_130/index.html,https://www.amo.gov.hk/tc/historic-buildings/monuments/hong-kong-island/monuments_130/index.html,Declared Monuments with Images,法定古蹟(含照片),https://gish.amo.gov.hk/internet/linktoimages/GetImageList?FILE_REF=AM88-0388(01)
AM95-0626,Hip Tin Temple (Sha Tau Kok),協天宮(沙頭角),"Shan Tsui, Sha Tau Kok, North, New Territories",新界北區沙頭角山咀,North,AMO,北區,2021,2021,AM95-0626,https://www.amo.gov.hk/en/historic-buildings/monuments/new-territories/monuments_129/index.html,https://www.amo.gov.hk/tc/historic-buildings/monuments/new-territories/monuments_129/index.html,Declared Monuments with Images,法定古蹟(含照片),https://gish.amo.gov.hk/internet/linktoimages/GetImageList?FILE_REF=AM95-0626
AM89-0420,Kom Tong Hall,甘棠第,"No. 7 Castle Road, Mid-Levels, Central, Hong Kong",香港中環半山衛城道7號,Central and Western,AMO,中西區,2010,2010,AM89-0420,https://www.amo.gov.hk/en/historic-buildings/monuments/hong-kong-island/monuments_98/index.html,https://www.amo.gov.hk/tc/historic-buildings/monuments/hong-kong-island/monuments_98/index.html,Declared Monuments with Images,法定古蹟(含照片),https://gish.amo.gov.hk/internet/linktoimages/GetImageList?FILE_REF=AM89-0420
AM92-0489,Green Island Lighthouse Compound,青洲燈塔建築群,"Green Island, Hong Kong",香港青洲,Central and Western,AMO,中西區,2008,2008,AM92-0489,https://www.amo.gov.hk/en/historic-buildings/monuments/hong-kong-island/monuments_86/index.html,https://www.amo.gov.hk/tc/historic-buildings/monuments/hong-kong-island/monuments_86/index.html,Declared Monuments with Images,法定古蹟(含照片),https://gish.amo.gov.hk/internet/linktoimages/GetImageList?FILE_REF=AM92-0489
AM86-0366,Tin Hau Temple and the adjoining buildings,天后古廟及其鄰接建築物,"Yau Ma Tei, Kowloon",九龍油麻地,Yau Tsim Mong,AMO,油尖旺區,2020,2020,AM86-0366,https://www.amo.gov.hk/en/historic-buildings/monuments/kowloon/monuments_126/index.html,https://www.amo.gov.hk/tc/historic-buildings/monuments/kowloon/monuments_126/index.html,Declared Monuments with Images,法定古蹟(含照片),https://gish.amo.gov.hk/internet/linktoimages/GetImageList?FILE_REF=AM86-0366
AM79-0257,Facade of the Old Mental Hospital,舊精神病院立面,"No.2 High Street, Sai Ying Pun, Hong Kong",香港西營盤高街2號,Central and Western,AMO,中西區,2015,2015,AM79-0257,https://www.amo.gov.hk/en/historic-buildings/monuments/hong-kong-island/monuments_111/index.html,https://www.amo.gov.hk/tc/historic-buildings/monuments/hong-kong-island/monuments_111/index.html,Declared Monuments with Images,法定古蹟(含照片),https://gish.amo.gov.hk/internet/linktoimages/GetImageList?FILE_REF=AM79-0257
AM77-0006,Signal Tower at Blackhead Point,大包米訊號塔,"Signal Hill Garden, Minden Row, Tsim Sha Tsui, Kowloon",九龍尖沙咀緬甸臺訊號山花園,Yau Tsim Mong,AMO,油尖旺區,2015,2015,AM77-0006,https://www.amo.gov.hk/en/historic-buildings/monuments/kowloon/monuments_109/index.html,https://www.amo.gov.hk/tc/historic-buildings/monuments/kowloon/monuments_109/index.html,Declared Monuments with Images,法定古蹟(含照片),https://gish.amo.gov.hk/internet/linktoimages/GetImageList?FILE_REF=AM77-0006
AM78-0194,Race Course Fire Memorial,馬場先難友紀念碑,"So Kon Po, Wan Chai, Hong Kong",香港灣仔掃桿埔,Wan Chai,AMO,灣仔區,2015,2015,AM78-0194,https://www.amo.gov.hk/en/historic-buildings/monuments/hong-kong-island/monuments_110/index.html,https://www.amo.gov.hk/tc/historic-buildings/monuments/hong-kong-island/monuments_110/index.html,Declared Monuments with Images,法定古蹟(含照片),https://gish.amo.gov.hk/internet/linktoimages/GetImageList?FILE_REF=AM78-0194
AM77-0008,Old Supreme Court (Exterior declared as a monument),舊最高法院大樓(外部列為法定古蹟),"No. 8 Jackson Road, Central, Hong Kong",香港中環昃臣道8號,Central and Western,AMO,中西區,1984,1984,AM77-0008,https://www.amo.gov.hk/en/historic-buildings/monuments/hong-kong-island/monuments_26/index.html,https://www.amo.gov.hk/tc/historic-buildings/monuments/hong-kong-island/monuments_26/index.html,Declared Monuments with Images,法定古蹟(含照片),https://gish.amo.gov.hk/internet/linktoimages/GetImageList?FILE_REF=AM77-0008
AM77-0103,Former French Mission Building,前法國海外傳道會大樓,"No. 1 Battery Path, Central, Hong Kong",香港中環炮台里1號,Central and Western,AMO,中西區,1989,1989,AM77-0103,https://www.amo.gov.hk/en/historic-buildings/monuments/hong-kong-island/monuments_37/index.html,https://www.amo.gov.hk/tc/historic-buildings/monuments/hong-kong-island/monuments_37/index.html,Declared Monuments with Images,法定古蹟(含照片),https://gish.amo.gov.hk/internet/linktoimages/GetImageList?FILE_REF=AM77-0103
AM93-0558,"Tang Chi Ngong Building, The University of Hong Kong (Exterior declared as a monument)",香港大學鄧志昂樓(外部列為法定古蹟),"Pok Fu Lam Road, Hong Kong",香港薄扶林道,Central and Western,AMO,中西區,1995,1995,AM93-0558,https://www.amo.gov.hk/en/historic-buildings/monuments/hong-kong-island/monuments_58/index.html,https://www.amo.gov.hk/tc/historic-buildings/monuments/hong-kong-island/monuments_58/index.html,Declared Monuments with Images,法定古蹟(含照片),https://gish.amo.gov.hk/internet/linktoimages/GetImageList?FILE_REF=AM93-0558
AM88-0403,Tung Wah Museum,東華三院文物館,"Kwong Wah Hospital, 25 Waterloo Road, Yau Ma Tei, Kowloon",九龍油麻地窩打老道25號廣華醫院,Yau Tsim Mong,AMO,油尖旺區,2010,2010,AM88-0403,https://www.amo.gov.hk/en/historic-buildings/monuments/kowloon/monuments_95/index.html,https://www.amo.gov.hk/tc/historic-buildings/monuments/kowloon/monuments_95/index.html,Declared Monuments with Images,法定古蹟(含照片),https://gish.amo.gov.hk/internet/linktoimages/GetImageList?FILE_REF=AM88-0403
AM78-0227,Tang Kwong U Ancestral Hall,廣瑜鄧公祠,"No. 32 Shui Tau, Kam Tin, Yuen Long, New Territories",新界元朗錦田水頭32號,Yuen Long,AMO,元朗區,2010,2010,AM78-0227,https://www.amo.gov.hk/en/historic-buildings/monuments/new-territories/monuments_97/index.html,https://www.amo.gov.hk/tc/historic-buildings/monuments/new-territories/monuments_97/index.html,Declared Monuments with Images,法定古蹟(含照片),https://gish.amo.gov.hk/internet/linktoimages/GetImageList?FILE_REF=AM78-0227
AM77-0102(01),St. John's Cathedral,聖約翰座堂,"Nos. 4-8 Garden Road, Central, Hong Kong",香港中環花園道4-8號,Central and Western,AMO,中西區,1996,1996,AM77-0102(01),https://www.amo.gov.hk/en/historic-buildings/monuments/hong-kong-island/monuments_60/index.html,https://www.amo.gov.hk/tc/historic-buildings/monuments/hong-kong-island/monuments_60/index.html,Declared Monuments with Images,法定古蹟(含照片),https://gish.amo.gov.hk/internet/linktoimages/GetImageList?FILE_REF=AM77-0102(01)
AM79-0256,Old Pathological Institute,舊病理學院,"Caine Lane, Mid-Levels, Hong Kong",香港半山堅巷,Central and Western,AMO,中西區,1990,1990,AM79-0256,https://www.amo.gov.hk/en/historic-buildings/monuments/hong-kong-island/monuments_41/index.html,https://www.amo.gov.hk/tc/historic-buildings/monuments/hong-kong-island/monuments_41/index.html,Declared Monuments with Images,法定古蹟(含照片),https://gish.amo.gov.hk/internet/linktoimages/GetImageList?FILE_REF=AM79-0256
AM78-0221(05),"Pok Fu Lam Reservoir, Masonry Bridge",薄扶林水塘石橋,"Pok Fu Lam, Hong Kong",香港薄扶林,Southern,AMO,南區,2009,2009,AM78-0221(05),https://www.amo.gov.hk/en/historic-buildings/monuments/hong-kong-island/monuments_87/index.html,https://www.amo.gov.hk/tc/historic-buildings/monuments/hong-kong-island/monuments_87/index.html,Declared Monuments with Images,法定古蹟(含照片),https://gish.amo.gov.hk/internet/linktoimages/GetImageList?FILE_REF=AM78-0221(05)
AM96-0689,Hau Mei Fung Ancestral Hall,味峰侯公祠,"Kam Tsin, Sheung Shui, New Territories",新界上水金錢,North,AMO,北區,2019,2019,AM96-0689,https://www.amo.gov.hk/en/historic-buildings/monuments/new-territories/monuments_123/index.html,https://www.amo.gov.hk/tc/historic-buildings/monuments/new-territories/monuments_123/index.html,Declared Monuments with Images,法定古蹟(含照片),https://gish.amo.gov.hk/internet/linktoimages/GetImageList?FILE_REF=AM96-0689
AM86-0355(01),Yuk Hui Temple (Wan Chai),玉虛宮(灣仔),"Lung On Street, Wan Chai, Hong Kong",香港灣仔隆安街,Wan Chai,AMO,灣仔區,2019,2019,AM86-0355(01),https://www.amo.gov.hk/en/historic-buildings/monuments/hong-kong-island/monuments_122/index.html,https://www.amo.gov.hk/tc/historic-buildings/monuments/hong-kong-island/monuments_122/index.html,Declared Monuments with Images,法定古蹟(含照片),https://gish.amo.gov.hk/internet/linktoimages/GetImageList?FILE_REF=AM86-0355(01)
AM80-0267,Old Tai Po Police Station,舊大埔警署,"No. 11 Wan Tau Kok Lane, Tai Po, New Territories",新界大埔運頭角里11號,Tai Po,AMO,大埔區,2021,2021,AM80-0267,https://www.amo.gov.hk/en/historic-buildings/monuments/new-territories/monuments_128/index.html,https://www.amo.gov.hk/tc/historic-buildings/monuments/new-territories/monuments_128/index.html,Declared Monuments with Images,法定古蹟(含照片),https://gish.amo.gov.hk/internet/linktoimages/GetImageList?FILE_REF=AM80-0267
AM90-0448(01),"Eliot Hall, The University of Hong Kong (Exterior declared as a monument)",香港大學儀禮堂(外部列為法定古蹟),"Pok Fu Lam, Hong Kong",香港薄扶林,Central and Western,AMO,中西區,2018,2018,AM90-0448(01),https://www.amo.gov.hk/en/historic-buildings/monuments/hong-kong-island/monuments_119/index.html,https://www.amo.gov.hk/tc/historic-buildings/monuments/hong-kong-island/monuments_119/index.html,Declared Monuments with Images,法定古蹟(含照片),https://gish.amo.gov.hk/internet/linktoimages/GetImageList?FILE_REF=AM90-0448(01)
AM92-0502(01),School House of St. Stephen's College,聖士提反書院的書院大樓,"No. 22 Tung Tau Wan Road, Stanley, Hong Kong",香港赤柱東頭灣道22號,Southern,AMO,南區,2011,2011,AM92-0502(01),https://www.amo.gov.hk/en/historic-buildings/monuments/hong-kong-island/monuments_100/index.html,https://www.amo.gov.hk/tc/historic-buildings/monuments/hong-kong-island/monuments_100/index.html,Declared Monuments with Images,法定古蹟(含照片),https://gish.amo.gov.hk/internet/linktoimages/GetImageList?FILE_REF=AM92-0502(01)
AM92-0497,King's College,英皇書院,"No. 63A Bonham Road, Mid-levels, Hong Kong",香港半山般咸道63號A,Central and Western,AMO,中西區,2011,2011,AM92-0497,https://www.amo.gov.hk/en/historic-buildings/monuments/hong-kong-island/monuments_101/index.html,https://www.amo.gov.hk/tc/historic-buildings/monuments/hong-kong-island/monuments_101/index.html,Declared Monuments with Images,法定古蹟(含照片),https://gish.amo.gov.hk/internet/linktoimages/GetImageList?FILE_REF=AM92-0497
AM83-0314,Leung Ancestral Hall (Pat Heung),梁氏宗祠(八鄉),"Yuen Kong Tsuen, Pat Heung, Yuen Long, New Territories",新界元朗八鄉元崗村,Yuen Long,AMO,元朗區,2006,2006,AM83-0314,https://www.amo.gov.hk/en/historic-buildings/monuments/new-territories/monuments_81/index.html,https://www.amo.gov.hk/tc/historic-buildings/monuments/new-territories/monuments_81/index.html,Declared Monuments with Images,法定古蹟(含照片),https://gish.amo.gov.hk/internet/linktoimages/GetImageList?FILE_REF=AM83-0314
AM83-0313,Chik Kwai Study Hall,植桂書室,"Sheung Tsuen, Pat Heung, Yuen Long, New Territories",新界元朗八鄉上村,Yuen Long,AMO,元朗區,2007,2007,AM83-0313,https://www.amo.gov.hk/en/historic-buildings/monuments/new-territories/monuments_82/index.html,https://www.amo.gov.hk/tc/historic-buildings/monuments/new-territories/monuments_82/index.html,Declared Monuments with Images,法定古蹟(含照片),https://gish.amo.gov.hk/internet/linktoimages/GetImageList?FILE_REF=AM83-0313
AM93-0528,Man Mo Temple Compound,文武廟,"Nos. 124-126, 128 & 130 Hollywood Road, Sheung Wan, Hong Kong",香港上環荷李活道124至126、128及130號,Central and Western,AMO,中西區,2010,2010,AM93-0528,https://www.amo.gov.hk/en/historic-buildings/monuments/hong-kong-island/monuments_96/index.html,https://www.amo.gov.hk/tc/historic-buildings/monuments/hong-kong-island/monuments_96/index.html,Declared Monuments with Images,法定古蹟(含照片),https://gish.amo.gov.hk/internet/linktoimages/GetImageList?FILE_REF=AM93-0528
AM77-0029,"Main Building, The Helena May (Exterior declared as a monument)",梅夫人婦女會主樓(外部列為法定古蹟),"No. 35 Garden Road, Central, Hong Kong",香港中環花園道35號,Central and Western,AMO,中西區,1993,1993,AM77-0029,https://www.amo.gov.hk/en/historic-buildings/monuments/hong-kong-island/monuments_49/index.html,https://www.amo.gov.hk/tc/historic-buildings/monuments/hong-kong-island/monuments_49/index.html,Declared Monuments with Images,法定古蹟(含照片),https://gish.amo.gov.hk/internet/linktoimages/GetImageList?FILE_REF=AM77-0029
AM77-0027,"Main Building, The University of Hong Kong (Exterior declared as a monument)",香港大學本部大樓(外部列為法定古蹟),"Pok Fu Lam Road, Hong Kong",香港薄扶林道,Central and Western,AMO,中西區,1984,1984,AM77-0027,https://www.amo.gov.hk/en/historic-buildings/monuments/hong-kong-island/monuments_27/index.html,https://www.amo.gov.hk/tc/historic-buildings/monuments/hong-kong-island/monuments_27/index.html,Declared Monuments with Images,法定古蹟(含照片),https://gish.amo.gov.hk/internet/linktoimages/GetImageList?FILE_REF=AM77-0027
AM77-0065,"Hung Hing Ying Building, The University of Hong Kong (Exterior declared as a monument)",香港大學孔慶熒樓(外部列為法定古蹟),"Pok Fu Lam Road, Hong Kong",香港薄扶林道,Central and Western,AMO,中西區,1995,1995,AM77-0065,https://www.amo.gov.hk/en/historic-buildings/monuments/hong-kong-island/monuments_57/index.html,https://www.amo.gov.hk/tc/historic-buildings/monuments/hong-kong-island/monuments_57/index.html,Declared Monuments with Images,法定古蹟(含照片),https://gish.amo.gov.hk/internet/linktoimages/GetImageList?FILE_REF=AM77-0065
AM77-0062,"University Hall, The University of Hong Kong (Exterior declared as a monument)",香港大學大學堂(外部列為法定古蹟),"No. 144 Pok Fu Lam Road, Hong Kong",香港薄扶林道144號,Southern,AMO,南區,1995,1995,AM77-0062,https://www.amo.gov.hk/en/historic-buildings/monuments/hong-kong-island/monuments_56/index.html,https://www.amo.gov.hk/tc/historic-buildings/monuments/hong-kong-island/monuments_56/index.html,Declared Monuments with Images,法定古蹟(含照片),https://gish.amo.gov.hk/internet/linktoimages/GetImageList?FILE_REF=AM77-0062
AM84-0336,Old Wan Chai Post Office,舊灣仔郵政局,"No. 221 Queen's Road East, Wan Chai, Hong Kong",香港灣仔皇后大道東221號,Wan Chai,AMO,灣仔區,1990,1990,AM84-0336,https://www.amo.gov.hk/en/historic-buildings/monuments/hong-kong-island/monuments_40/index.html,https://www.amo.gov.hk/tc/historic-buildings/monuments/hong-kong-island/monuments_40/index.html,Declared Monuments with Images,法定古蹟(含照片),https://gish.amo.gov.hk/internet/linktoimages/GetImageList?FILE_REF=AM84-0336
AM77-0004,Former Kowloon-Canton Railway Clock Tower,前九廣鐵路鐘樓,"Tsim Sha Tsui, Kowloon",九龍尖沙咀,Yau Tsim Mong,AMO,油尖旺區,1990,1990,AM77-0004,https://www.amo.gov.hk/en/historic-buildings/monuments/kowloon/monuments_43/index.html,https://www.amo.gov.hk/tc/historic-buildings/monuments/kowloon/monuments_43/index.html,Declared Monuments with Images,法定古蹟(含照片),https://gish.amo.gov.hk/internet/linktoimages/GetImageList?FILE_REF=AM77-0004
AM97-0886,Fan Sin Temple,樊仙宮,"Sheung Wun Yiu, Tai Po, New Territories",新界大埔上碗窰,Tai Po,AMO,大埔區,1999,1999,AM97-0886,https://www.amo.gov.hk/en/historic-buildings/monuments/new-territories/monuments_69/index.html,https://www.amo.gov.hk/tc/historic-buildings/monuments/new-territories/monuments_69/index.html,Declared Monuments with Images,法定古蹟(含照片),https://gish.amo.gov.hk/internet/linktoimages/GetImageList?FILE_REF=AM97-0886
AM88-0399,Kowloon Union Church,九龍佑寧堂,"No. 4 Jordan Road, Yau Ma Tei, Kowloon",九龍油麻地佐敦道4號,Yau Tsim Mong,AMO,油尖旺區,2017,2017,AM88-0399,https://www.amo.gov.hk/en/historic-buildings/monuments/kowloon/monuments_116/index.html,https://www.amo.gov.hk/tc/historic-buildings/monuments/kowloon/monuments_116/index.html,Declared Monuments with Images,法定古蹟(含照片),https://gish.amo.gov.hk/internet/linktoimages/GetImageList?FILE_REF=AM88-0399
AM97-0878,Residence of Ip Ting-sz,葉定仕故居,"Lin Ma Hang Tsuen, Sha Tau Kok, New Territories",新界沙頭角蓮麻坑村,North,AMO,北區,2009,2009,AM97-0878,https://www.amo.gov.hk/en/historic-buildings/monuments/new-territories/monuments_93/index.html,https://www.amo.gov.hk/tc/historic-buildings/monuments/new-territories/monuments_93/index.html,Declared Monuments with Images,法定古蹟(含照片),https://gish.amo.gov.hk/internet/linktoimages/GetImageList?FILE_REF=AM97-0878
AM79-0240,The Cenotaph,和平紀念碑,"Central, Hong Kong",香港中環,Central and Western,AMO,中西區,2013,2013,AM79-0240,https://www.amo.gov.hk/en/historic-buildings/monuments/hong-kong-island/monuments_102/index.html,https://www.amo.gov.hk/tc/historic-buildings/monuments/hong-kong-island/monuments_102/index.html,Declared Monuments with Images,法定古蹟(含照片),https://gish.amo.gov.hk/internet/linktoimages/GetImageList?FILE_REF=AM79-0240
AM77-0028,The Bethanie,伯大尼修院,"No.139 Pok Fu Lam Road, Hong Kong",香港薄扶林道139號,Southern,AMO,南區,2013,2013,AM77-0028,https://www.amo.gov.hk/en/historic-buildings/monuments/hong-kong-island/monuments_103/index.html,https://www.amo.gov.hk/tc/historic-buildings/monuments/hong-kong-island/monuments_103/index.html,Declared Monuments with Images,法定古蹟(含照片),https://gish.amo.gov.hk/internet/linktoimages/GetImageList?FILE_REF=AM77-0028
AM80-0275,Lin Fa Temple,蓮花宮,"Lily Street, Tai Hang, Hong Kong",香港大坑蓮花街,Eastern,AMO,東區,2014,2014,AM80-0275,https://www.amo.gov.hk/en/historic-buildings/monuments/hong-kong-island/monuments_106/index.html,https://www.amo.gov.hk/tc/historic-buildings/monuments/hong-kong-island/monuments_106/index.html,Declared Monuments with Images,法定古蹟(含照片),https://gish.amo.gov.hk/internet/linktoimages/GetImageList?FILE_REF=AM80-0275
AM86-0356,Hung Shing Temple (Ap Lei Chau),洪聖古廟(鴨脷洲),"Hung Shing Street, Ap Lei Chau, Hong Kong",香港鴨脷洲洪聖街,Southern,AMO,南區,2014,2014,AM86-0356,https://www.amo.gov.hk/en/historic-buildings/monuments/hong-kong-island/monuments_107/index.html,https://www.amo.gov.hk/tc/historic-buildings/monuments/hong-kong-island/monuments_107/index.html,Declared Monuments with Images,法定古蹟(含照片),https://gish.amo.gov.hk/internet/linktoimages/GetImageList?FILE_REF=AM86-0356
AM78-0202,Hau Wong Temple (Kowloon City),侯王古廟(九龍城),"Cr. of Junction Road and Tung Tau Tsuen Road, Kowloon City, Kowloon",九龍九龍城聯合道與東頭村道交界,Wong Tai Sin,AMO,黃大仙區,2014,2014,AM78-0202,https://www.amo.gov.hk/en/historic-buildings/monuments/kowloon/monuments_108/index.html,https://www.amo.gov.hk/tc/historic-buildings/monuments/kowloon/monuments_108/index.html,Declared Monuments with Images,法定古蹟(含照片),https://gish.amo.gov.hk/internet/linktoimages/GetImageList?FILE_REF=AM78-0202
AM92-0488,Cape D'Aguilar Lighthouse,鶴咀燈塔,"Cape D'Aguilar, Hong Kong",香港鶴咀,Southern,AMO,南區,2005,2005,AM92-0488,https://www.amo.gov.hk/en/historic-buildings/monuments/hong-kong-island/monuments_80/index.html,https://www.amo.gov.hk/tc/historic-buildings/monuments/hong-kong-island/monuments_80/index.html,Declared Monuments with Images,法定古蹟(含照片),https://gish.amo.gov.hk/internet/linktoimages/GetImageList?FILE_REF=AM92-0488
AM92-0495,North and West Blocks of St. Joseph's College,聖若瑟書院的北座及西座,"No. 7 Kennedy Road, Central, Hong Kong",香港中環堅尼地道7號,Central and Western,AMO,中西區,2000,2000,AM92-0495,https://www.amo.gov.hk/en/historic-buildings/monuments/hong-kong-island/monuments_70/index.html,https://www.amo.gov.hk/tc/historic-buildings/monuments/hong-kong-island/monuments_70/index.html,Declared Monuments with Images,法定古蹟(含照片),https://gish.amo.gov.hk/internet/linktoimages/GetImageList?FILE_REF=AM92-0495
AM77-0079,Tsui Sing Lau Pagoda,聚星樓,"Ping Shan, Yuen Long, New Territories",新界元朗屏山,Yuen Long,AMO,元朗區,2001,2001,AM77-0079,https://www.amo.gov.hk/en/historic-buildings/monuments/new-territories/monuments_75/index.html,https://www.amo.gov.hk/tc/historic-buildings/monuments/new-territories/monuments_75/index.html,Declared Monuments with Images,法定古蹟(含照片),https://gish.amo.gov.hk/internet/linktoimages/GetImageList?FILE_REF=AM77-0079
AM77-0094(05),Block 7 of the old Lei Yue Mun Barracks,舊鯉魚門軍營第7座,"Lei Yue Mun Park, No. 75 Chai Wan Road, Hong Kong",香港柴灣道75號鯉魚門公園,Eastern,AMO,東區,2016,2016,AM77-0094(05),https://www.amo.gov.hk/en/historic-buildings/monuments/hong-kong-island/monuments_112/index.html,https://www.amo.gov.hk/tc/historic-buildings/monuments/hong-kong-island/monuments_112/index.html,Declared Monuments with Images,法定古蹟(含照片),https://gish.amo.gov.hk/internet/linktoimages/GetImageList?FILE_REF=AM77-0094(05)
AM77-0094(06),Block 10 of the old Lei Yue Mun Barracks,舊鯉魚門軍營第10座,"Lei Yue Mun Park, No. 75 Chai Wan Road, Hong Kong",香港柴灣道75號鯉魚門公園,Eastern,AMO,東區,2016,2016,AM77-0094(06),https://www.amo.gov.hk/en/historic-buildings/monuments/hong-kong-island/monuments_113/index.html,https://www.amo.gov.hk/tc/historic-buildings/monuments/hong-kong-island/monuments_113/index.html,Declared Monuments with Images,法定古蹟(含照片),https://gish.amo.gov.hk/internet/linktoimages/GetImageList?FILE_REF=AM77-0094(06)
AM77-0094(11),Block 25 of the old Lei Yue Mun Barracks,舊鯉魚門軍營第25座,"Lei Yue Mun Park, No. 75 Chai Wan Road, Hong Kong",香港柴灣道75號鯉魚門公園,Eastern,AMO,東區,2016,2016,AM77-0094(11),https://www.amo.gov.hk/en/historic-buildings/monuments/hong-kong-island/monuments_114/index.html,https://www.amo.gov.hk/tc/historic-buildings/monuments/hong-kong-island/monuments_114/index.html,Declared Monuments with Images,法定古蹟(含照片),https://gish.amo.gov.hk/internet/linktoimages/GetImageList?FILE_REF=AM77-0094(11)
AM19-0004/B,"Masonry Bridge, Pok Fu Lam Reservoir",薄扶林水塘石橋,"Pok Fu Lam, Hong Kong",香港薄扶林,Southern,AMO,南區,2020,2020,AM19-0004/B,https://www.amo.gov.hk/en/historic-buildings/monuments/hong-kong-island/monuments_124/index.html,https://www.amo.gov.hk/tc/historic-buildings/monuments/hong-kong-island/monuments_124/index.html,Declared Monuments with Images,法定古蹟(含照片),https://gish.amo.gov.hk/internet/linktoimages/GetImageList?FILE_REF=AM19-0004/B
AM20-0003/B,Bonham Road Government Primary School,般咸道官立小學,"No. 9A Bonham Road, Sai Ying Pun, Hong Kong",香港西營盤般咸道9A號,Central and Western,AMO,中西區,2021,2021,AM20-0003/B,https://www.amo.gov.hk/en/historic-buildings/monuments/hong-kong-island/monuments_127/index.html,https://www.amo.gov.hk/tc/historic-buildings/monuments/hong-kong-island/monuments_127/index.html,Declared Monuments with Images,法定古蹟(含照片),https://gish.amo.gov.hk/internet/linktoimages/GetImageList?FILE_REF=AM20-0003/B
